bracket,seed,title,loom_latency_s,sugar_ratio,turning_log_ratio,rounds_won,champion
0,1000,Skittish Left-turner,0.055,2.0,-0.3117796240308415,0,0
0,1001,Skittish Straight-walker,0.085,1.9333333333333331,0.0,1,0
0,1002,Skittish Straight-walker,0.055,2.3571428571428568,0.059188871390330654,0,0
0,1003,Skittish Left-turner,0.085,2.214285714285714,-0.9351592161785378,2,0
0,1004,Skittish Left-turner,0.1,2.3076923076923075,-0.42285685082003344,4,1
0,1005,Skittish Left-turner,0.115,2.5,-0.18924199963852828,0,0
0,1006,Skittish Left-turner,0.085,2.0,-0.7672551527136671,1,0
0,1007,Skittish Straight-walker,0.1,2.6363636363636362,-0.06291382541056921,0,0
0,1008,Skittish Left-turner,0.085,2.0,-0.1437878927917117,1,0
0,1009,Skittish Straight-walker,0.07,1.3,0.0,0,0
0,1010,Skittish Left-turner,0.07,2.0,-0.6754476034605442,0,0
0,1011,Skittish Straight-walker,0.055,1.8333333333333333,0.04785602117763514,2,0
0,1012,Skittish Left-turner,0.07,1.8235294117647058,-0.3483066942682157,0,0
0,1013,Skittish Left-turner,0.085,1.7058823529411762,-0.20202662787328698,1,0
0,1014,Skittish Straight-walker,0.1,3.0,-0.07197349962508923,0,0
0,1015,Skittish Left-turner,0.04,1.9333333333333331,-0.18924199963852828,3,0
1,1016,Skittish Right-turner,0.085,2.0,0.15906469462968748,0,0
1,1017,Skittish Left-turner,0.07,1.4499999999999997,-0.3483066942682157,4,1
1,1018,Skittish Left-turner,0.07,2.3846153846153846,-0.1510402574128659,0,0
1,1019,Skittish Left-turner,0.04,1.588235294117647,-0.48550781578170077,1,0
1,1020,Skittish Straight-walker,0.085,1.7777777777777777,0.09811785595852342,1,0
1,1021,Skittish Right-turner,0.07,1.625,0.420280193893305,0,0
1,1022,Skittish Left-turner,0.055,1.5,-0.2309055566496989,2,0
1,1023,Skittish Straight-walker,0.085,1.9333333333333331,-0.055880458394456614,0,0
1,1024,Skittish Left-turner,0.07,2.0,-0.48550781578170077,1,0
1,1025,Skittish Left-turner,0.07,2.0,-0.2811673914305871,0,0
1,1026,Skittish Right-turner,0.055,4.25,0.25344890080953875,0,0
1,1027,Skittish Left-turner,0.085,1.875,-0.11506932978478723,3,0
1,1028,Skittish Left-turner,0.07,2.727272727272727,-0.21667103680859223,1,0
1,1029,Skittish Left-turner,0.085,2.4166666666666665,-0.48550781578170077,0,0
1,1030,Skittish Left-turner,0.085,1.588235294117647,-0.1510402574128659,0,0
1,1031,Skittish Left-turner,0.07,1.5294117647058822,-0.2811673914305871,2,0
2,1032,Skittish Straight-walker,0.085,3.222222222222222,-0.055880458394456614,0,0
2,1033,Skittish Left-turner,0.085,2.5555555555555554,-0.39616271544585074,2,0
2,1034,Skittish Left-turner,0.085,1.588235294117647,-0.32239850940955106,1,0
2,1035,Skittish Left-turner,0.085,2.2307692307692304,-0.43746783919433824,0,0
2,1036,Skittish Straight-walker,0.085,1.8124999999999998,0.059188871390330654,0,0
2,1037,Skittish Left-turner,0.04,3.0,-0.9315582040049434,1,0
2,1038,Skittish Right-turner,0.055,1.4499999999999997,0.13005312824819776,4,1
2,1039,Skittish Right-turner,0.055,2.0,0.1221026968008997,0,0
2,1040,Skittish Straight-walker,0.085,2.5833333333333335,0.043675063502661635,1,0
2,1041,Skittish Left-turner,0.07,2.4615384615384617,-0.2811673914305871,0,0
2,1042,Skittish Left-turner,0.1,1.8124999999999998,-0.21825356602001794,0,0
2,1043,Skittish Straight-walker,0.055,1.9333333333333331,-0.05918887139033065,3,0
2,1044,Skittish Straight-walker,0.055,3.0,-0.10880285984879906,0,0
2,1045,Skittish Left-turner,0.055,2.142857142857143,-0.5819215454497209,2,0
2,1046,Skittish Left-turner,0.085,1.5,-0.42028019389330484,1,0
2,1047,Skittish Left-turner,0.055,2.142857142857143,-0.3290234126082222,0,0
3,1048,Skittish Left-turner,0.055,1.9285714285714284,-0.7511344382102946,2,0
3,1049,Skittish Straight-walker,0.055,1.8124999999999998,-0.06291382541056921,0,0
3,1050,Skittish Left-turner,0.085,1.5555555555555558,-0.5138062519041283,0,0
3,1051,Skittish Right-turner,0.04,1.5555555555555558,0.4936578201436253,1,0
3,1052,Skittish Left-turner,0.07,1.3333333333333335,-0.3700183591124166,0,0
3,1053,Skittish Straight-walker,0.085,1.7058823529411762,0.059188871390330654,3,0
3,1054,Skittish Left-turner,0.07,2.5833333333333335,-0.3117796240308415,0,0
3,1055,Skittish Left-turner,0.07,1.619047619047619,-0.2612154992636176,1,0
3,1056,Skittish Left-turner,0.07,2.3846153846153846,-0.13005312824819767,0,0
3,1057,Skittish Left-turner,0.055,1.55,-0.2336148511815052,1,0
3,1058,Skittish Left-turner,0.025,2.142857142857143,-0.3381129260786728,2,0
3,1059,Skittish Right-turner,0.085,2.0714285714285707,0.31709595765807425,0,0
3,1060,Skittish Left-turner,0.085,3.3,-0.18924199963852828,0,0
3,1061,Skittish Left-turner,0.085,3.8571428571428568,-0.3483066942682157,4,1
3,1062,Skittish Left-turner,0.055,2.8181818181818183,-0.7191226669632059,0,0
3,1063,Skittish Left-turner,0.07,1.8235294117647058,-0.12568821516349674,1,0
