race,seed,title,sugar_ratio,walk_level_calm,loom_latency_s,turning_log_ratio,form,p_win,odds,finish_s_run1,finish_s_run2,position_run1
0,1000,Skittish Left-turner,2.0,1.1307204882847706,0.055,-0.3117796240308415,-0.05343540864836743,0.12388727259656719,7.3,51.18,46.7,5
0,1001,Skittish Straight-walker,1.9333333333333331,1.0051625181957433,0.085,0.0,-0.5405362348422265,0.07611696984074562,11.8,50.76,49.72,3
0,1002,Skittish Straight-walker,2.3571428571428568,0.9809793959588491,0.055,0.059188871390330654,0.46765269545901533,0.20860868246895023,4.3,49.22,53.3,2
0,1003,Skittish Left-turner,2.214285714285714,0.5617121339923965,0.085,-0.9351592161785378,-0.9575978908860191,0.05015958275103436,17.9,46.48,55.26,1
0,1004,Skittish Left-turner,2.3076923076923075,0.8117502781960944,0.1,-0.42285685082003344,-0.08689946000368182,0.1198101023369579,7.5,50.78,56.76,4
0,1005,Skittish Left-turner,2.5,1.1158995947905368,0.115,-0.18924199963852828,1.1708162989212816,0.4214173900057448,2.1,52.16,54.6,6
1,1006,Skittish Left-turner,2.0,0.7861698391495459,0.085,-0.7672551527136671,-0.018718462554097197,0.13663802809756584,6.6,52.72,54.88,6
1,1007,Skittish Straight-walker,2.6363636363636362,0.8493140956892811,0.1,-0.06291382541056921,1.0657787509650418,0.4041687594234263,2.2,49.36,54.06,3
1,1008,Skittish Left-turner,2.0,0.8143622837801092,0.085,-0.1437878927917117,0.10148439496207592,0.15409020167131562,5.8,47.66,48.74,1
1,1009,Skittish Straight-walker,1.3,1.0129920585292391,0.07,0.0,0.0515741500237471,0.14658829030760345,6.1,51.04,52.24,5
1,1010,Skittish Left-turner,2.0,0.7137591642415866,0.07,-0.6754476034605442,-0.3274525986912454,0.1003436868977406,9.0,47.78,54.14,2
1,1011,Skittish Straight-walker,1.8333333333333333,0.6359643975017553,0.055,0.04785602117763514,-0.8726662347055234,0.05817103360234824,15.5,50.86,53.14,4
2,1012,Skittish Left-turner,1.8235294117647058,1.098913703970451,0.07,-0.3483066942682157,-0.053171542317922774,0.1396377289452675,6.4,47.86,48.58,2
2,1013,Skittish Left-turner,1.7058823529411762,0.8874989281228369,0.085,-0.20202662787328698,-0.7413739077590046,0.07016496083531774,12.8,49.34,50.08,4
2,1014,Skittish Straight-walker,3.0,0.9507180707058871,0.1,-0.07197349962508923,0.7568223161772601,0.3138908383694155,2.9,47.22,52.54,1
2,1015,Skittish Left-turner,1.9333333333333331,1.0345012824539785,0.04,-0.18924199963852828,-0.1133288279621069,0.13148517831345558,6.8,48.24,57.16,3
2,1016,Skittish Right-turner,2.0,0.9262862559361146,0.085,0.15906469462968748,-0.3353343330327238,0.10530791976439835,8.5,50.28,53.06,5
2,1017,Skittish Left-turner,1.4499999999999997,1.4428152926541835,0.07,-0.3483066942682157,0.4863862948944979,0.23951337377214538,3.8,50.6,49.92,6
3,1018,Skittish Left-turner,2.3846153846153846,0.8418309239271748,0.07,-0.1510402574128659,1.0541655142386832,0.33626689509851415,2.7,55.84,53.52,6
3,1019,Skittish Left-turner,1.588235294117647,0.6836019962100746,0.04,-0.48550781578170077,-0.6741075908222094,0.05971791566313748,15.1,50.48,49.04,2
3,1020,Skittish Straight-walker,1.7777777777777777,0.5529900471977766,0.085,0.09811785595852342,-0.6698533292058304,0.05997251247628819,15.0,51.34,49.16,4
3,1021,Skittish Right-turner,1.625,0.8294409496221609,0.07,0.420280193893305,-0.2591785549587435,0.09042864675683514,10.0,52.08,51.66,5
3,1022,Skittish Left-turner,1.5,0.7504594841495965,0.055,-0.2309055566496989,-0.6614388016414968,0.06047928195839331,14.9,51.28,51.4,3
3,1023,Skittish Straight-walker,1.9333333333333331,1.2215781109650132,0.085,-0.055880458394456614,1.2104127623895942,0.39313474804683174,2.3,49.48,51.86,1
4,1024,Skittish Left-turner,2.0,0.8396666816865783,0.07,-0.48550781578170077,-0.49172330836205635,0.06647531760515976,13.5,51.62,52.42,3
4,1025,Skittish Left-turner,2.0,0.9162130134955809,0.07,-0.2811673914305871,-0.224490077335768,0.08683970482678059,10.4,48.04,47.8,1
4,1026,Skittish Right-turner,4.25,1.072182743876873,0.055,0.25344890080953875,1.6979158324970434,0.5937568284264227,1.5,53.46,55.38,6
4,1027,Skittish Left-turner,1.875,0.9481329872948215,0.085,-0.11506932978478723,-0.18960301946719246,0.08992275318400206,10.0,52.0,56.34,4
4,1028,Skittish Left-turner,2.727272727272727,0.6038769450965625,0.07,-0.21667103680859223,-0.8695157641791077,0.04556036997308806,19.8,52.28,53.52,5
4,1029,Skittish Left-turner,2.4166666666666665,0.9296014075620943,0.085,-0.48550781578170077,0.07741633684708034,0.11744502598454683,7.7,49.86,55.32,2
5,1030,Skittish Left-turner,1.588235294117647,1.0588402300344921,0.085,-0.1510402574128659,-0.33694099829223056,0.08930995257064087,10.1,53.12,52.46,4
5,1031,Skittish Left-turner,1.5294117647058822,0.685554562663756,0.07,-0.2811673914305871,-1.4340450392871151,0.029814918577174648,30.2,53.38,48.84,5
5,1032,Skittish Straight-walker,3.222222222222222,0.9908905133866057,0.085,-0.055880458394456614,0.7826417159026069,0.2736077870616786,3.3,50.9,54.42,1
5,1033,Skittish Left-turner,2.5555555555555554,1.2136777392466598,0.085,-0.39616271544585074,0.8744963683135694,0.299930355459452,3.0,52.22,54.56,2
5,1034,Skittish Left-turner,1.588235294117647,1.0000607797998304,0.085,-0.32239850940955106,-0.5022665270248556,0.07570069973279661,11.9,52.58,53.78,3
5,1035,Skittish Left-turner,2.2307692307692304,1.2144404119219037,0.085,-0.43746783919433824,0.6161144803880247,0.23163628659825727,3.9,55.32,49.3,6
6,1036,Skittish Straight-walker,1.8124999999999998,1.080407899853222,0.085,0.059188871390330654,-0.019318955811299388,0.14285003165836108,6.3,49.56,49.88,2
6,1037,Skittish Left-turner,3.0,0.9706671785225968,0.04,-0.9315582040049434,0.6100403056059298,0.2680449289279738,3.4,54.94,50.74,6
6,1038,Skittish Right-turner,1.4499999999999997,1.0474884253105703,0.055,0.13005312824819776,-0.5251060713901928,0.0861429593984174,10.4,50.86,49.92,4
6,1039,Skittish Right-turner,2.0,1.0702736595246458,0.055,0.1221026968008997,0.11402385020373887,0.16322639382318901,5.5,49.46,54.8,1
6,1040,Skittish Straight-walker,2.5833333333333335,1.0616491227285094,0.085,0.043675063502661635,0.6370339267290093,0.2753789730604499,3.3,49.82,49.36,3
6,1041,Skittish Left-turner,2.4615384615384617,0.7787491764478814,0.07,-0.2811673914305871,-0.8166730553371848,0.06435671313160887,14.0,52.8,49.86,5
7,1042,Skittish Left-turner,1.8124999999999998,0.8419973559613392,0.1,-0.21825356602001794,-0.9425721640613225,0.05555266186109168,16.2,53.52,54.2,5
7,1043,Skittish Straight-walker,1.9333333333333331,1.1563820036577033,0.055,-0.05918887139033065,0.6391585000279517,0.270172892678103,3.3,58.1,52.68,6
7,1044,Skittish Straight-walker,3.0,0.9005826471811692,0.055,-0.10880285984879906,0.6116772272260844,0.26284928958339154,3.4,51.76,51.24,4
7,1045,Skittish Left-turner,2.142857142857143,1.052319457870223,0.055,-0.5819215454497209,0.3853626114021253,0.20961367815537266,4.3,50.94,49.12,2
7,1046,Skittish Left-turner,1.5,1.0341208771041939,0.085,-0.42028019389330484,-0.39364668947601344,0.09618341175409127,9.4,50.74,49.42,1
7,1047,Skittish Left-turner,2.142857142857143,0.9038377081014778,0.055,-0.3290234126082222,-0.2999794851188293,0.10562806596794987,8.5,51.32,53.16,3
