parameter_value,looming_escape,sugar_feeding,antenna_grooming_circuit,courtship_song,bitter_grn_to_dng28,co2_orn_to_pn,hot_trn_to_vp2pn,cold_trn_to_vp3pn,optomotor_turning,or67d_to_da1pn,da1pn_to_lh_asp
baseline (defaults),PASS 11.810 (dz 6.63),PASS 2.107 (dz 4.71),PASS 4.871 (dz 2.50),PASS 1.928 (dz 2.94),PASS 1.578 (dz 1.62),PASS 2.213 (dz 13.08),PASS 2.000 (dz 10.14),PASS 1.864 (dz 19.66),PASS 2.716 (dz 2.96),PASS 2.576 (dz 16.81),PASS 2.219 (dz 6.70)
Membrane noise = 0.025,PASS 6.907 (dz 4.03),PASS 1.835 (dz 4.17),PASS 12.148 (dz 1.10),PASS 1.820 (dz 4.22),PASS 1.574 (dz 2.58),PASS 1.825 (dz 5.17),PASS 1.558 (dz 3.52),FAIL 1.469 (dz 3.84),PASS 1.887 (dz 3.61),PASS 1.903 (dz 3.46),PASS 1.771 (dz 4.00)
Membrane noise = 0.0375,PASS 9.428 (dz 9.12),PASS 2.050 (dz 4.05),PASS 5.465 (dz 3.07),PASS 1.896 (dz 3.51),PASS 1.709 (dz 1.88),PASS 2.197 (dz 12.06),PASS 1.958 (dz 8.94),PASS 1.807 (dz 14.84),PASS 2.211 (dz 5.27),PASS 2.438 (dz 14.85),PASS 2.155 (dz 8.72)
Membrane noise = 0.075,PASS 7.392 (dz 8.41),FAIL 1.312 (dz 2.55),PASS 2.350 (dz 4.04),PASS 1.597 (dz 2.11),FAIL 1.147 (dz -0.20),PASS 2.380 (dz 8.30),PASS 1.903 (dz 6.50),PASS 1.985 (dz 24.87),PASS 1.675 (dz 3.34),PASS 2.858 (dz 24.70),PASS 2.401 (dz 7.54)
Membrane noise = 0.1,PASS 3.320 (dz 10.47),FAIL 1.020 (dz 1.04),FAIL 1.335 (dz 2.85),FAIL 1.041 (dz 0.40),FAIL 1.030 (dz 1.16),PASS 2.079 (dz 8.56),PASS 1.733 (dz 12.03),PASS 1.991 (dz 14.65),FAIL 1.105 (dz 1.92),PASS 2.573 (dz 8.33),PASS 1.867 (dz 13.61)
Tonic drive = 0.15,PASS 25.406 (dz 0.73),PASS 9.384 (dz 0.47),PASS 15.451 (dz 2.09),PASS 12.995 (dz 0.45),PASS 4.460 (dz 1.26),PASS 11.715 (dz 0.38),PASS 13.725 (dz 0.33),PASS 14.560 (dz 0.84),PASS 10.035 (dz 0.63),PASS 14.844 (dz 0.71),PASS 14.762 (dz 2.31)
Tonic drive = 0.175,PASS 15.712 (dz 4.36),PASS 2.640 (dz 4.09),PASS 6.345 (dz 3.43),PASS 2.096 (dz 2.46),PASS 1.767 (dz 3.00),PASS 1.964 (dz 33.23),PASS 1.571 (dz 12.76),FAIL 1.482 (dz 10.55),PASS 4.344 (dz 3.58),PASS 2.127 (dz 10.03),PASS 1.910 (dz 9.75)
Tonic drive = 0.225,PASS 2.879 (dz 20.62),FAIL 1.030 (dz 0.50),PASS 1.532 (dz 3.10),FAIL 1.081 (dz 0.95),FAIL 1.107 (dz 1.21),PASS 1.966 (dz 9.96),PASS 1.706 (dz 20.64),PASS 2.096 (dz 11.58),FAIL 1.102 (dz 1.93),PASS 2.336 (dz 7.12),PASS 1.748 (dz 12.78)
Tonic drive = 0.25,PASS 1.749 (dz 25.28),FAIL 1.029 (dz 1.20),FAIL 1.115 (dz 2.20),FAIL 1.014 (dz 0.66),FAIL 1.012 (dz 0.72),PASS 1.684 (dz 13.50),PASS 1.555 (dz 19.77),PASS 1.787 (dz 7.35),FAIL 1.034 (dz 1.24),PASS 1.841 (dz 5.83),FAIL 1.466 (dz 37.29)
Target rate (Hz) = 2.5,PASS 30.671 (dz 4.59),FAIL 1.365 (dz 2.97),PASS 2.655 (dz 4.03),PASS 2.208 (dz 3.28),FAIL 1.460 (dz -0.21),PASS 4.109 (dz 14.25),PASS 3.183 (dz 12.34),PASS 3.411 (dz 17.40),PASS 2.501 (dz 2.38),PASS 5.030 (dz 9.39),PASS 3.725 (dz 7.17)
Target rate (Hz) = 3.5,PASS 23.941 (dz 3.13),PASS 1.804 (dz 3.80),PASS 2.901 (dz 3.67),PASS 2.188 (dz 2.87),FAIL 1.506 (dz 0.53),PASS 3.154 (dz 12.71),PASS 2.644 (dz 16.86),PASS 2.528 (dz 29.21),PASS 3.511 (dz 4.13),PASS 3.687 (dz 23.57),PASS 2.938 (dz 5.66)
Target rate (Hz) = 7.5,PASS 5.723 (dz 19.64),PASS 2.373 (dz 3.05),PASS 6.963 (dz 1.97),PASS 2.137 (dz 4.78),FAIL 1.469 (dz 2.86),PASS 1.826 (dz 8.89),FAIL 1.468 (dz 10.82),FAIL 1.403 (dz 11.95),PASS 1.904 (dz 3.78),PASS 1.724 (dz 13.80),PASS 1.640 (dz 16.80)
Target rate (Hz) = 10,PASS 4.846 (dz 9.34),PASS 2.567 (dz 5.22),PASS 13.394 (dz 2.58),PASS 2.573 (dz 4.76),PASS 1.514 (dz 4.55),PASS 1.710 (dz 4.18),FAIL 1.292 (dz 7.38),FAIL 1.222 (dz 4.08),PASS 1.960 (dz 5.18),FAIL 1.356 (dz 2.75),FAIL 1.310 (dz 18.00)
Sensory input gain = 2,PASS 9.691 (dz 5.10),PASS 1.984 (dz 3.44),PASS 4.698 (dz 2.47),PASS 1.866 (dz 2.29),FAIL 1.474 (dz 0.76),PASS 2.109 (dz 16.83),PASS 1.924 (dz 12.42),PASS 1.830 (dz 12.27),PASS 2.679 (dz 2.81),PASS 2.309 (dz 14.06),PASS 2.128 (dz 11.00)
Sensory input gain = 3,PASS 11.810 (dz 7.00),PASS 2.089 (dz 4.53),PASS 4.841 (dz 2.58),PASS 1.928 (dz 2.70),FAIL 1.523 (dz 0.83),PASS 2.060 (dz 24.54),PASS 1.917 (dz 14.23),PASS 1.851 (dz 20.08),PASS 2.694 (dz 3.19),PASS 2.466 (dz 19.08),PASS 2.219 (dz 6.87)
Sensory input gain = 5,PASS 11.810 (dz 6.67),PASS 2.158 (dz 4.24),PASS 4.835 (dz 3.12),PASS 1.928 (dz 2.94),PASS 1.588 (dz 2.30),PASS 2.272 (dz 11.52),PASS 2.011 (dz 9.70),PASS 1.869 (dz 20.68),PASS 2.721 (dz 2.97),PASS 2.593 (dz 22.80),PASS 2.219 (dz 6.71)
Sensory input gain = 6,PASS 11.810 (dz 6.74),PASS 2.158 (dz 4.12),PASS 4.937 (dz 2.20),PASS 1.928 (dz 2.94),PASS 1.584 (dz 1.83),PASS 2.258 (dz 15.82),PASS 2.014 (dz 10.03),PASS 1.871 (dz 23.41),PASS 2.696 (dz 3.45),PASS 2.596 (dz 21.83),PASS 2.219 (dz 6.71)
Gain adaptation rate = 0,PASS 5.845 (dz 11.77),PASS 2.379 (dz 4.10),PASS 7.197 (dz 3.28),PASS 2.067 (dz 6.61),PASS 1.522 (dz 2.71),PASS 1.765 (dz 9.54),FAIL 1.455 (dz 12.48),FAIL 1.370 (dz 16.81),PASS 2.046 (dz 3.54),PASS 1.738 (dz 19.61),PASS 1.623 (dz 8.53)
Gain adaptation rate = 0.001,PASS 8.279 (dz 11.48),PASS 2.049 (dz 3.91),PASS 4.976 (dz 3.61),PASS 1.687 (dz 3.44),PASS 1.519 (dz 1.61),PASS 2.062 (dz 8.89),PASS 1.784 (dz 12.06),PASS 1.677 (dz 14.99),PASS 2.136 (dz 6.89),PASS 2.300 (dz 15.59),PASS 2.021 (dz 7.66)
Gain adaptation rate = 0.004,PASS 13.606 (dz 3.75),PASS 1.933 (dz 4.23),PASS 4.861 (dz 3.07),PASS 2.174 (dz 3.04),PASS 1.527 (dz 1.77),PASS 2.408 (dz 16.75),PASS 2.204 (dz 10.43),PASS 1.973 (dz 16.03),PASS 2.430 (dz 4.54),PASS 2.727 (dz 9.00),PASS 2.394 (dz 9.26)
Gain adaptation rate = 0.008,PASS 13.738 (dz 6.55),PASS 1.889 (dz 6.05),PASS 4.696 (dz 2.88),PASS 2.180 (dz 2.65),PASS 1.535 (dz 1.19),PASS 2.372 (dz 11.66),PASS 2.189 (dz 8.59),PASS 1.998 (dz 19.18),PASS 2.676 (dz 3.56),PASS 2.810 (dz 24.28),PASS 2.413 (dz 6.20)
Synapse threshold = 4,PASS 10.609 (dz 7.89),PASS 2.000 (dz 7.08),PASS 5.217 (dz 4.58),PASS 2.005 (dz 3.91),PASS 1.718 (dz 2.29),PASS 2.254 (dz 15.16),PASS 2.123 (dz 9.32),PASS 1.823 (dz 14.61),PASS 2.230 (dz 3.38),PASS 4.309 (dz 25.95),PASS 3.422 (dz 12.05)
Synapse threshold = 5,PASS 12.438 (dz 7.87),PASS 2.197 (dz 4.12),PASS 4.451 (dz 4.73),PASS 2.124 (dz 2.88),PASS 3.557 (dz 1.39),PASS 2.260 (dz 12.81),PASS 2.122 (dz 10.95),PASS 1.844 (dz 11.31),PASS 2.152 (dz 2.84),PASS 5.081 (dz 21.88),PASS 3.962 (dz 15.11)
Synapse threshold = 6,PASS 14.383 (dz 4.65),PASS 2.159 (dz 6.27),PASS 3.786 (dz 5.32),PASS 2.229 (dz 5.00),PASS 3.351 (dz 1.89),PASS 2.185 (dz 11.02),PASS 2.091 (dz 11.57),PASS 1.804 (dz 10.54),PASS 2.311 (dz 3.62),PASS 6.561 (dz 15.78),PASS 4.507 (dz 25.46)
Synapse threshold = 8,PASS 17.082 (dz 3.75),PASS 2.586 (dz 2.79),PASS 3.470 (dz 3.94),PASS 2.165 (dz 4.16),FAIL 2.708 (dz 0.29),PASS 2.261 (dz 14.65),PASS 2.201 (dz 19.50),PASS 1.823 (dz 9.46),PASS 1.894 (dz 3.21),PASS 12.627 (dz 11.69),PASS 6.884 (dz 17.56)
Synapse threshold = 10,PASS 20.327 (dz 3.16),PASS 2.532 (dz 4.68),PASS 3.260 (dz 5.10),PASS 1.964 (dz 4.60),FAIL 2.826 (dz 0.60),PASS 2.302 (dz 13.37),PASS 2.219 (dz 9.71),PASS 1.765 (dz 10.43),PASS 1.631 (dz 4.31),PASS 24.942 (dz 15.02),PASS 9.249 (dz 22.89)
