parameter,behavior,values_tested,values_passing,first_fail_below,first_fail_above
noise_std,looming_escape,4,4,,
noise_std,sugar_feeding,4,2,,0.075
noise_std,antenna_grooming_circuit,4,3,,0.1
noise_std,courtship_song,4,3,,0.1
noise_std,bitter_grn_to_dng28,4,2,,0.075
noise_std,co2_orn_to_pn,4,4,,
noise_std,hot_trn_to_vp2pn,4,4,,
noise_std,cold_trn_to_vp3pn,4,3,0.025,
noise_std,optomotor_turning,4,3,,0.1
noise_std,or67d_to_da1pn,4,4,,
noise_std,da1pn_to_lh_asp,4,4,,
bias,looming_escape,4,4,,
bias,sugar_feeding,4,2,,0.225
bias,antenna_grooming_circuit,4,3,,0.25
bias,courtship_song,4,2,,0.225
bias,bitter_grn_to_dng28,4,2,,0.225
bias,co2_orn_to_pn,4,4,,
bias,hot_trn_to_vp2pn,4,4,,
bias,cold_trn_to_vp3pn,4,3,0.175,
bias,optomotor_turning,4,2,,0.225
bias,or67d_to_da1pn,4,4,,
bias,da1pn_to_lh_asp,4,3,,0.25
target_rate_hz,looming_escape,4,4,,
target_rate_hz,sugar_feeding,4,3,2.5,
target_rate_hz,antenna_grooming_circuit,4,4,,
target_rate_hz,courtship_song,4,4,,
target_rate_hz,bitter_grn_to_dng28,4,1,3.5,7.5
target_rate_hz,co2_orn_to_pn,4,4,,
target_rate_hz,hot_trn_to_vp2pn,4,2,,7.5
target_rate_hz,cold_trn_to_vp3pn,4,2,,7.5
target_rate_hz,optomotor_turning,4,4,,
target_rate_hz,or67d_to_da1pn,4,3,,10.0
target_rate_hz,da1pn_to_lh_asp,4,3,,10.0
ext_gain,looming_escape,4,4,,
ext_gain,sugar_feeding,4,4,,
ext_gain,antenna_grooming_circuit,4,4,,
ext_gain,courtship_song,4,4,,
ext_gain,bitter_grn_to_dng28,4,2,3.0,
ext_gain,co2_orn_to_pn,4,4,,
ext_gain,hot_trn_to_vp2pn,4,4,,
ext_gain,cold_trn_to_vp3pn,4,4,,
ext_gain,optomotor_turning,4,4,,
ext_gain,or67d_to_da1pn,4,4,,
ext_gain,da1pn_to_lh_asp,4,4,,
gain_adapt,looming_escape,4,4,,
gain_adapt,sugar_feeding,4,4,,
gain_adapt,antenna_grooming_circuit,4,4,,
gain_adapt,courtship_song,4,4,,
gain_adapt,bitter_grn_to_dng28,4,4,,
gain_adapt,co2_orn_to_pn,4,4,,
gain_adapt,hot_trn_to_vp2pn,4,3,0.0,
gain_adapt,cold_trn_to_vp3pn,4,3,0.0,
gain_adapt,optomotor_turning,4,4,,
gain_adapt,or67d_to_da1pn,4,4,,
gain_adapt,da1pn_to_lh_asp,4,4,,
min_synapses,looming_escape,5,5,,
min_synapses,sugar_feeding,5,5,,
min_synapses,antenna_grooming_circuit,5,5,,
min_synapses,courtship_song,5,5,,
min_synapses,bitter_grn_to_dng28,5,3,,8.0
min_synapses,co2_orn_to_pn,5,5,,
min_synapses,hot_trn_to_vp2pn,5,5,,
min_synapses,cold_trn_to_vp3pn,5,5,,
min_synapses,optomotor_turning,5,5,,
min_synapses,or67d_to_da1pn,5,5,,
min_synapses,da1pn_to_lh_asp,5,5,,
