parameter,value,is_default,behavior,passed,metric,effect,control,effect_size_dz,p_value,n_seeds,effect_vs_baseline
baseline,,True,looming_escape,True,drive/baseline ratio,11.809631805309467,0.7982162857964956,6.628370277410485,0.0009765625,10,0.0
baseline,,True,sugar_feeding,True,drive/baseline ratio,2.106922129594543,1.2480756599722116,4.706340563664447,0.0009765625,10,0.0
baseline,,True,antenna_grooming_circuit,True,drive/baseline ratio,4.87097582972583,0.849237012987013,2.5027157656007506,0.0009765625,10,0.0
baseline,,True,courtship_song,True,drive/baseline ratio,1.9280385922127405,0.9374075601900678,2.937955072864345,0.0009765625,10,0.0
baseline,,True,bitter_grn_to_dng28,True,drive/baseline ratio,1.5775177384709287,1.284486946163971,1.624377403277156,0.0009765625,10,0.0
baseline,,True,co2_orn_to_pn,True,drive/baseline ratio,2.2132239685981507,0.9379602043195959,13.081414699920037,0.0009765625,10,0.0
baseline,,True,hot_trn_to_vp2pn,True,drive/baseline ratio,1.9997641850496255,0.9352941503687082,10.143751763081083,0.0009765625,10,0.0
baseline,,True,cold_trn_to_vp3pn,True,drive/baseline ratio,1.8635216437031936,0.9627486569056787,19.663041509163172,0.0009765625,10,0.0
baseline,,True,optomotor_turning,True,drive/baseline ratio,2.7162363294600134,0.8034844296570303,2.963635470511846,0.0009765625,10,0.0
baseline,,True,or67d_to_da1pn,True,drive/baseline ratio,2.575550112320789,0.7988010828865345,16.809270735148363,0.0009765625,10,0.0
baseline,,True,da1pn_to_lh_asp,True,drive/baseline ratio,2.219063963950437,0.9609756396541907,6.700755822958264,0.0009765625,10,0.0
noise_std,0.025,False,looming_escape,True,drive/baseline ratio,6.9071235208325374,0.6998672584765122,4.026506356116839,0.0009765625,10,-4.902508284476929
noise_std,0.025,False,sugar_feeding,True,drive/baseline ratio,1.8348456161130595,1.0297539118245358,4.171818000518141,0.0009765625,10,-0.27207651348148354
noise_std,0.025,False,antenna_grooming_circuit,True,drive/baseline ratio,12.147655357927096,1.325812002007654,1.0974671633305815,0.0009765625,10,7.276679528201266
noise_std,0.025,False,courtship_song,True,drive/baseline ratio,1.819604700854701,0.9694101037851037,4.216467308740722,0.0009765625,10,-0.1084338913580396
noise_std,0.025,False,bitter_grn_to_dng28,True,drive/baseline ratio,1.57417809874253,1.1199963831611441,2.5777894696003854,0.0009765625,10,-0.00333963972839868
noise_std,0.025,False,co2_orn_to_pn,True,drive/baseline ratio,1.8245878185520545,0.8322889637053379,5.171567739545403,0.0009765625,10,-0.3886361500460962
noise_std,0.025,False,hot_trn_to_vp2pn,True,drive/baseline ratio,1.557908980232782,0.8222300961242782,3.516241084109391,0.0009765625,10,-0.4418552048168436
noise_std,0.025,False,cold_trn_to_vp3pn,False,drive/baseline ratio,1.4689887367383225,0.8477235432777753,3.8374680234321814,0.0009765625,10,-0.3945329069648711
noise_std,0.025,False,optomotor_turning,True,drive/baseline ratio,1.8872133138071354,0.5143789769218831,3.614696181659217,0.0009765625,10,-0.829023015652878
noise_std,0.025,False,or67d_to_da1pn,True,drive/baseline ratio,1.9028111503530316,0.7391335914907684,3.4577871430173013,0.0009765625,10,-0.6727389619677573
noise_std,0.025,False,da1pn_to_lh_asp,True,drive/baseline ratio,1.7712534474172528,0.8545778248362828,3.996868241111563,0.0009765625,10,-0.44781051653318427
noise_std,0.0375,False,looming_escape,True,drive/baseline ratio,9.4284274071091,0.7720054538709022,9.121714256833876,0.0009765625,10,-2.3812043982003672
noise_std,0.0375,False,sugar_feeding,True,drive/baseline ratio,2.0504234750739103,1.1582184180524764,4.048964796811552,0.0009765625,10,-0.05649865452063274
noise_std,0.0375,False,antenna_grooming_circuit,True,drive/baseline ratio,5.465048083248959,0.7248836187281587,3.0651446032025924,0.0009765625,10,0.5940722535231293
noise_std,0.0375,False,courtship_song,True,drive/baseline ratio,1.895633669163081,0.9783368320133026,3.5091801682741135,0.0009765625,10,-0.03240492304965947
noise_std,0.0375,False,bitter_grn_to_dng28,True,drive/baseline ratio,1.7086169068921269,1.324838856656762,1.879002004462263,0.0009765625,10,0.13109916842119818
noise_std,0.0375,False,co2_orn_to_pn,True,drive/baseline ratio,2.1969520357787666,0.9401595142970285,12.060253837106863,0.0009765625,10,-0.016271932819384105
noise_std,0.0375,False,hot_trn_to_vp2pn,True,drive/baseline ratio,1.9575880482114232,0.9529102720575674,8.935782332141864,0.0009765625,10,-0.042176136838202316
noise_std,0.0375,False,cold_trn_to_vp3pn,True,drive/baseline ratio,1.807090273988976,0.9702717521278789,14.840205239068366,0.0009765625,10,-0.05643136971421758
noise_std,0.0375,False,optomotor_turning,True,drive/baseline ratio,2.211378323259128,0.5448323627696693,5.274967207058105,0.0009765625,10,-0.5048580062008852
noise_std,0.0375,False,or67d_to_da1pn,True,drive/baseline ratio,2.437656991013278,0.8011280506290068,14.85116940279136,0.0009765625,10,-0.13789312130751075
noise_std,0.0375,False,da1pn_to_lh_asp,True,drive/baseline ratio,2.1552166918139384,0.99211451068079,8.715245543070303,0.0009765625,10,-0.06384727213649866
noise_std,0.075,False,looming_escape,True,drive/baseline ratio,7.391977000962423,0.8850384100609497,8.414208971795622,0.0009765625,10,-4.417654804347044
noise_std,0.075,False,sugar_feeding,False,drive/baseline ratio,1.311925170941398,0.9838543257052386,2.5458584140124425,0.0009765625,10,-0.7949969586531451
noise_std,0.075,False,antenna_grooming_circuit,True,drive/baseline ratio,2.3502818915976813,1.0161704575905173,4.044038886445702,0.0009765625,10,-2.5206939381281486
noise_std,0.075,False,courtship_song,True,drive/baseline ratio,1.5968521809574443,1.155616440090124,2.1068312431280942,0.0009765625,10,-0.33118641125529624
noise_std,0.075,False,bitter_grn_to_dng28,False,drive/baseline ratio,1.1468056204047825,1.162425316226538,-0.2004329444710382,0.78125,10,-0.4307121180661462
noise_std,0.075,False,co2_orn_to_pn,True,drive/baseline ratio,2.3801456021637244,0.8597337492816634,8.301406380952994,0.0009765625,10,0.16692163356557366
noise_std,0.075,False,hot_trn_to_vp2pn,True,drive/baseline ratio,1.9029276572722225,0.8700869066722721,6.496413553162514,0.0009765625,10,-0.09683652777740304
noise_std,0.075,False,cold_trn_to_vp3pn,True,drive/baseline ratio,1.9852005633605814,0.8824561530350747,24.869598164873313,0.0009765625,10,0.12167891965738775
noise_std,0.075,False,optomotor_turning,True,drive/baseline ratio,1.6746320346320345,0.9910156510156509,3.3382145810515578,0.0009765625,10,-1.041604294827979
noise_std,0.075,False,or67d_to_da1pn,True,drive/baseline ratio,2.857563748317255,0.715817845657004,24.704454176604187,0.0009765625,10,0.2820136359964662
noise_std,0.075,False,da1pn_to_lh_asp,True,drive/baseline ratio,2.4006591883788824,0.9185235747786278,7.535309719013588,0.0009765625,10,0.18159522442844533
noise_std,0.1,False,looming_escape,True,drive/baseline ratio,3.3199703908374745,0.9080236375764456,10.472867792710245,0.0009765625,10,-8.489661414471993
noise_std,0.1,False,sugar_feeding,False,drive/baseline ratio,1.020413129898424,0.9427626495368431,1.0418217673313732,0.0068359375,10,-1.086508999696119
noise_std,0.1,False,antenna_grooming_circuit,False,drive/baseline ratio,1.3350912251999207,1.0036951610979072,2.850660364193875,0.0009765625,10,-3.535884604525909
noise_std,0.1,False,courtship_song,False,drive/baseline ratio,1.0406080463623089,1.0110973865000077,0.4037396076352861,0.15625,10,-0.8874305458504317
noise_std,0.1,False,bitter_grn_to_dng28,False,drive/baseline ratio,1.030007021728666,0.9462494855561985,1.1550018259474548,0.005859375,10,-0.5475107167422626
noise_std,0.1,False,co2_orn_to_pn,True,drive/baseline ratio,2.0786232147752077,0.7899547005351729,8.555551568775297,0.0009765625,10,-0.134600753822943
noise_std,0.1,False,hot_trn_to_vp2pn,True,drive/baseline ratio,1.7334389444304261,0.7705717830251626,12.028014998593493,0.0009765625,10,-0.2663252406191994
noise_std,0.1,False,cold_trn_to_vp3pn,True,drive/baseline ratio,1.9914105312090213,0.7930187356824672,14.649894101805867,0.0009765625,10,0.12788888750582772
noise_std,0.1,False,optomotor_turning,False,drive/baseline ratio,1.1052515447927018,0.9633585029274686,1.9178053671870376,0.0009765625,10,-1.6109847846673115
noise_std,0.1,False,or67d_to_da1pn,True,drive/baseline ratio,2.572983577077602,0.6842047245687956,8.333887383748818,0.0009765625,10,-0.0025665352431869515
noise_std,0.1,False,da1pn_to_lh_asp,True,drive/baseline ratio,1.8670431949863577,0.7915682612483474,13.610172990594313,0.0009765625,10,-0.3520207689640793
bias,0.15,False,looming_escape,True,drive/baseline ratio,25.405525539275537,2.7311487988132725,0.7284016069472763,0.0009765625,10,13.59589373396607
bias,0.15,False,sugar_feeding,True,drive/baseline ratio,9.384149679211006,4.66129695410148,0.47468843485564816,0.0009765625,10,7.277227549616463
bias,0.15,False,antenna_grooming_circuit,True,drive/baseline ratio,15.45140056022409,0.46242933537051173,2.090359196185387,0.0009765625,10,10.580424730498262
bias,0.15,False,courtship_song,True,drive/baseline ratio,12.994637125000903,1.6133706979295215,0.44934384452218945,0.0009765625,10,11.066598532788163
bias,0.15,False,bitter_grn_to_dng28,True,drive/baseline ratio,4.460157540472677,3.927988984318504,1.256545549216612,0.0009765625,10,2.8826398020017483
bias,0.15,False,co2_orn_to_pn,True,drive/baseline ratio,11.714699824729713,7.722365385254828,0.381777257140553,0.0009765625,10,9.501475856131563
bias,0.15,False,hot_trn_to_vp2pn,True,drive/baseline ratio,13.725207330003471,7.220125722761088,0.3288673294415577,0.0009765625,10,11.725443144953845
bias,0.15,False,cold_trn_to_vp3pn,True,drive/baseline ratio,14.559602198256465,14.275403474497967,0.8436044932196404,0.0009765625,10,12.696080554553271
bias,0.15,False,optomotor_turning,True,drive/baseline ratio,10.034619755244753,3.0418429487179486,0.6319261299930353,0.0009765625,10,7.31838342578474
bias,0.15,False,or67d_to_da1pn,True,drive/baseline ratio,14.843812582666093,13.497052514580924,0.710006421656829,0.0009765625,10,12.268262470345304
bias,0.15,False,da1pn_to_lh_asp,True,drive/baseline ratio,14.762243379872501,14.237246901431295,2.306836248741424,0.0009765625,10,12.543179415922065
bias,0.175,False,looming_escape,True,drive/baseline ratio,15.71218721744297,0.6658702176175927,4.3633938435805835,0.0009765625,10,3.9025554121335038
bias,0.175,False,sugar_feeding,True,drive/baseline ratio,2.6401075059946026,1.1616478100752294,4.090870045104916,0.0009765625,10,0.5331853764000596
bias,0.175,False,antenna_grooming_circuit,True,drive/baseline ratio,6.344537039074528,0.4487907027127592,3.4302084249817075,0.0009765625,10,1.4735612093486985
bias,0.175,False,courtship_song,True,drive/baseline ratio,2.096370967366391,1.021862823167171,2.455521114658462,0.0009765625,10,0.1683323751536503
bias,0.175,False,bitter_grn_to_dng28,True,drive/baseline ratio,1.767277710219877,1.2328798983893843,3.000985979473199,0.0009765625,10,0.1897599717489482
bias,0.175,False,co2_orn_to_pn,True,drive/baseline ratio,1.964476669457622,0.9553316317774495,33.226620016678666,0.0009765625,10,-0.24874729914052884
bias,0.175,False,hot_trn_to_vp2pn,True,drive/baseline ratio,1.5713060859259245,0.9804354484900397,12.75867026706007,0.0009765625,10,-0.42845809912370103
bias,0.175,False,cold_trn_to_vp3pn,False,drive/baseline ratio,1.4822928260276962,1.0057050545219357,10.55080982494686,0.0009765625,10,-0.38122881767549743
bias,0.175,False,optomotor_turning,True,drive/baseline ratio,4.344437229437229,0.6313275613275613,3.576849709706338,0.0009765625,10,1.628200899977216
bias,0.175,False,or67d_to_da1pn,True,drive/baseline ratio,2.127411985197378,0.721704881831162,10.032781885605859,0.0009765625,10,-0.44813812712341106
bias,0.175,False,da1pn_to_lh_asp,True,drive/baseline ratio,1.9099989521941758,0.9715261404816513,9.748464527147485,0.0009765625,10,-0.3090650117562612
bias,0.225,False,looming_escape,True,drive/baseline ratio,2.8792905340001615,0.89510265252346,20.621106922905916,0.0009765625,10,-8.930341271309306
bias,0.225,False,sugar_feeding,False,drive/baseline ratio,1.030279300946446,0.9692201021133287,0.5031593578982312,0.0654296875,10,-1.0766428286480971
bias,0.225,False,antenna_grooming_circuit,True,drive/baseline ratio,1.5319434032826797,1.0531337548369664,3.102976782139552,0.0009765625,10,-3.33903242644315
bias,0.225,False,courtship_song,False,drive/baseline ratio,1.0810156866406866,0.9620112507612507,0.9463503917749527,0.009765625,10,-0.847022905572054
bias,0.225,False,bitter_grn_to_dng28,False,drive/baseline ratio,1.1074421185964034,1.0282987400983352,1.2107107403824184,0.00390625,10,-0.4700756198745253
bias,0.225,False,co2_orn_to_pn,True,drive/baseline ratio,1.9658668601777862,0.8248175849414962,9.955465037945304,0.0009765625,10,-0.2473571084203645
bias,0.225,False,hot_trn_to_vp2pn,True,drive/baseline ratio,1.7056848842226888,0.8011343273806609,20.638280718612464,0.0009765625,10,-0.2940793008269367
bias,0.225,False,cold_trn_to_vp3pn,True,drive/baseline ratio,2.095959726588425,0.8310373572267663,11.578389271930803,0.0009765625,10,0.2324380828852315
bias,0.225,False,optomotor_turning,False,drive/baseline ratio,1.1016199520560574,0.9112530843058227,1.9294189867767753,0.0009765625,10,-1.614616377403956
bias,0.225,False,or67d_to_da1pn,True,drive/baseline ratio,2.335784071645385,0.8033114429323401,7.123346561853846,0.0009765625,10,-0.23976604067540386
bias,0.225,False,da1pn_to_lh_asp,True,drive/baseline ratio,1.7475254420692672,0.8564049132557686,12.777305170291426,0.0009765625,10,-0.47153852188116985
bias,0.25,False,looming_escape,True,drive/baseline ratio,1.748570341421361,1.002089352655564,25.277188769045075,0.0009765625,10,-10.061061463888105
bias,0.25,False,sugar_feeding,False,drive/baseline ratio,1.028570203005574,0.985492261987907,1.1983197362706015,0.005859375,10,-1.0783519265889692
bias,0.25,False,antenna_grooming_circuit,False,drive/baseline ratio,1.1154013835496637,1.0307190874831866,2.2032952672037345,0.0009765625,10,-3.7555744461761664
bias,0.25,False,courtship_song,False,drive/baseline ratio,1.014258828886243,0.9904320038339792,0.657126440389158,0.037109375,10,-0.9137797633264975
bias,0.25,False,bitter_grn_to_dng28,False,drive/baseline ratio,1.012454038071476,0.99329121952485,0.7202881484173801,0.052734375,10,-0.5650637003994528
bias,0.25,False,co2_orn_to_pn,True,drive/baseline ratio,1.6835926327178519,0.9888724261329103,13.499125748026115,0.0009765625,10,-0.5296313358802989
bias,0.25,False,hot_trn_to_vp2pn,True,drive/baseline ratio,1.5553705552376753,0.9856082461183666,19.765171129975204,0.0009765625,10,-0.4443936298119502
bias,0.25,False,cold_trn_to_vp3pn,True,drive/baseline ratio,1.787450198356257,0.9818644012648612,7.348984293420707,0.0009765625,10,-0.07607144534693666
bias,0.25,False,optomotor_turning,False,drive/baseline ratio,1.0339141335814723,0.9820126388870459,1.2379502388174857,0.001953125,10,-1.682322195878541
bias,0.25,False,or67d_to_da1pn,True,drive/baseline ratio,1.841153470400609,0.9693463871720036,5.830350892047327,0.0009765625,10,-0.73439664192018
bias,0.25,False,da1pn_to_lh_asp,False,drive/baseline ratio,1.4661755242778194,0.9918337760751526,37.29309658062861,0.0009765625,10,-0.7528884396726176
target_rate_hz,2.5,False,looming_escape,True,drive/baseline ratio,30.671190476190475,1.025,4.590383420695902,0.0009765625,10,18.86155867088101
target_rate_hz,2.5,False,sugar_feeding,False,drive/baseline ratio,1.3648206179785127,0.7090777059198112,2.9739733865150666,0.0009765625,10,-0.7421015116160303
target_rate_hz,2.5,False,antenna_grooming_circuit,True,drive/baseline ratio,2.6552123577516875,0.6932447884739266,4.030611685363605,0.0009765625,10,-2.2157634719741424
target_rate_hz,2.5,False,courtship_song,True,drive/baseline ratio,2.208333333333333,0.9207142857142857,3.2827502726168385,0.0009765625,10,0.2802947411205925
target_rate_hz,2.5,False,bitter_grn_to_dng28,False,drive/baseline ratio,1.4599212881470944,1.5230315891606212,-0.208046627852493,0.76171875,10,-0.11759645032383426
target_rate_hz,2.5,False,co2_orn_to_pn,True,drive/baseline ratio,4.109176000964474,0.8818525306195457,14.248352522434327,0.0009765625,10,1.8959520323663237
target_rate_hz,2.5,False,hot_trn_to_vp2pn,True,drive/baseline ratio,3.182739785322248,0.9333037620681226,12.33807328842785,0.0009765625,10,1.1829756002726224
target_rate_hz,2.5,False,cold_trn_to_vp3pn,True,drive/baseline ratio,3.4106246861055696,0.9678937225226063,17.40363558698604,0.0009765625,10,1.547103042402376
target_rate_hz,2.5,False,optomotor_turning,True,drive/baseline ratio,2.5008333333333335,0.5308333333333334,2.377158331779184,0.0009765625,10,-0.2154029961266799
target_rate_hz,2.5,False,or67d_to_da1pn,True,drive/baseline ratio,5.02951521111295,0.6660395553302496,9.385760432278516,0.0009765625,10,2.4539650987921613
target_rate_hz,2.5,False,da1pn_to_lh_asp,True,drive/baseline ratio,3.72456551619535,0.9804163344203211,7.165537346868962,0.0009765625,10,1.505501552244913
target_rate_hz,3.5,False,looming_escape,True,drive/baseline ratio,23.941448551448552,0.6981393606393607,3.1312866077336263,0.0009765625,10,12.131816746139085
target_rate_hz,3.5,False,sugar_feeding,True,drive/baseline ratio,1.8042642220903091,0.9883892596936075,3.798921865064395,0.0009765625,10,-0.30265790750423394
target_rate_hz,3.5,False,antenna_grooming_circuit,True,drive/baseline ratio,2.9008484148505773,0.6791598000550674,3.6745605293606847,0.0009765625,10,-1.9701274148752526
target_rate_hz,3.5,False,courtship_song,True,drive/baseline ratio,2.1877528109145756,1.063581516522693,2.8654239613958077,0.0009765625,10,0.2597142187018351
target_rate_hz,3.5,False,bitter_grn_to_dng28,False,drive/baseline ratio,1.5061851703424627,1.3502277017490303,0.5341415537222757,0.0654296875,10,-0.071332568128466
target_rate_hz,3.5,False,co2_orn_to_pn,True,drive/baseline ratio,3.1537510687034804,0.8856703165143438,12.711332275623848,0.0009765625,10,0.9405271001053297
target_rate_hz,3.5,False,hot_trn_to_vp2pn,True,drive/baseline ratio,2.6444981400714496,0.9170969826358931,16.86070230647667,0.0009765625,10,0.6447339550218241
target_rate_hz,3.5,False,cold_trn_to_vp3pn,True,drive/baseline ratio,2.5282394628587586,0.9343685570579894,29.20801137547512,0.0009765625,10,0.6647178191555649
target_rate_hz,3.5,False,optomotor_turning,True,drive/baseline ratio,3.511388888888889,0.825,4.130363444413496,0.0009765625,10,0.7951525594288755
target_rate_hz,3.5,False,or67d_to_da1pn,True,drive/baseline ratio,3.68653618450767,0.7290913703517943,23.572358782646614,0.0009765625,10,1.110986072186881
target_rate_hz,3.5,False,da1pn_to_lh_asp,True,drive/baseline ratio,2.9375970743702853,0.9770169599482046,5.662629145051434,0.0009765625,10,0.7185331104198482
target_rate_hz,7.5,False,looming_escape,True,drive/baseline ratio,5.722542694874656,0.8567470614867997,19.643358595658892,0.0009765625,10,-6.08708911043481
target_rate_hz,7.5,False,sugar_feeding,True,drive/baseline ratio,2.373058591371249,1.3188936460698446,3.047368981969154,0.0009765625,10,0.26613646177670613
target_rate_hz,7.5,False,antenna_grooming_circuit,True,drive/baseline ratio,6.962642334445739,0.7295095693779905,1.9713578737294772,0.0009765625,10,2.0916665047199094
target_rate_hz,7.5,False,courtship_song,True,drive/baseline ratio,2.1373921745045217,1.1361172359342548,4.78298665473359,0.0009765625,10,0.20935358229178114
target_rate_hz,7.5,False,bitter_grn_to_dng28,False,drive/baseline ratio,1.4690044947210474,1.0979794145943649,2.85706408382725,0.0009765625,10,-0.10851324374988125
target_rate_hz,7.5,False,co2_orn_to_pn,True,drive/baseline ratio,1.8255121295158396,0.9930275154258185,8.889976618315774,0.0009765625,10,-0.3877118390823111
target_rate_hz,7.5,False,hot_trn_to_vp2pn,False,drive/baseline ratio,1.4683616183534163,0.98501551156937,10.8213456976888,0.0009765625,10,-0.5314025666962092
target_rate_hz,7.5,False,cold_trn_to_vp3pn,False,drive/baseline ratio,1.4027036499996157,1.0040926300628887,11.952918621667513,0.0009765625,10,-0.4608179937035779
target_rate_hz,7.5,False,optomotor_turning,True,drive/baseline ratio,1.9037866198966031,0.9236258184251789,3.7829803743832477,0.0009765625,10,-0.8124497095634102
target_rate_hz,7.5,False,or67d_to_da1pn,True,drive/baseline ratio,1.724467324523418,0.91826480199672,13.80157095788986,0.0009765625,10,-0.8510827877973708
target_rate_hz,7.5,False,da1pn_to_lh_asp,True,drive/baseline ratio,1.6397277076628263,1.0028077172471834,16.80285679449658,0.0009765625,10,-0.5793362562876108
target_rate_hz,10.0,False,looming_escape,True,drive/baseline ratio,4.845698482480671,0.901330986336472,9.34305613092204,0.0009765625,10,-6.963933322828796
target_rate_hz,10.0,False,sugar_feeding,True,drive/baseline ratio,2.567417640274783,1.1586976354833496,5.223355892157049,0.0009765625,10,0.46049551068023975
target_rate_hz,10.0,False,antenna_grooming_circuit,True,drive/baseline ratio,13.393943565034897,0.5736704149823344,2.575958883597384,0.0009765625,10,8.522967735309066
target_rate_hz,10.0,False,courtship_song,True,drive/baseline ratio,2.5726813994194417,1.0402560020691278,4.756129265471521,0.0009765625,10,0.6446428072067012
target_rate_hz,10.0,False,bitter_grn_to_dng28,True,drive/baseline ratio,1.514435118398552,1.0677363372444961,4.554276099316607,0.0009765625,10,-0.06308262007237664
target_rate_hz,10.0,False,co2_orn_to_pn,True,drive/baseline ratio,1.709626788405555,1.1063900093521037,4.181711999601296,0.0009765625,10,-0.5035971801925958
target_rate_hz,10.0,False,hot_trn_to_vp2pn,False,drive/baseline ratio,1.2924825471725634,1.0176936617746912,7.37806533213114,0.0009765625,10,-0.7072816378770621
target_rate_hz,10.0,False,cold_trn_to_vp3pn,False,drive/baseline ratio,1.2221771942906732,1.061875776714475,4.07535040053629,0.0009765625,10,-0.6413444494125204
target_rate_hz,10.0,False,optomotor_turning,True,drive/baseline ratio,1.959906276597453,0.9426148006295065,5.176624407006699,0.0009765625,10,-0.7563300528625603
target_rate_hz,10.0,False,or67d_to_da1pn,False,drive/baseline ratio,1.3555697777724929,0.9737648364548971,2.7528020356352387,0.0009765625,10,-1.219980334548296
target_rate_hz,10.0,False,da1pn_to_lh_asp,False,drive/baseline ratio,1.3100534001427655,1.0427211863533616,17.99819799530512,0.0009765625,10,-0.9090105638076715
ext_gain,2.0,False,looming_escape,True,drive/baseline ratio,9.69052462621503,0.7551618876708831,5.103575261049458,0.0009765625,10,-2.1191071790944367
ext_gain,2.0,False,sugar_feeding,True,drive/baseline ratio,1.9836326891499305,1.1926809397499052,3.4397620210966533,0.0009765625,10,-0.12328944044461254
ext_gain,2.0,False,antenna_grooming_circuit,True,drive/baseline ratio,4.697727272727272,0.9182097763347763,2.474416166623179,0.0009765625,10,-0.17324855699855757
ext_gain,2.0,False,courtship_song,True,drive/baseline ratio,1.8656988457878547,0.9070361761561451,2.288026591552499,0.0009765625,10,-0.06233974642488582
ext_gain,2.0,False,bitter_grn_to_dng28,False,drive/baseline ratio,1.4737423850001439,1.3374293682403695,0.7597801351463165,0.02734375,10,-0.10377535347078481
ext_gain,2.0,False,co2_orn_to_pn,True,drive/baseline ratio,2.109434068837774,0.9564570480488624,16.83468332447795,0.0009765625,10,-0.10378989976037678
ext_gain,2.0,False,hot_trn_to_vp2pn,True,drive/baseline ratio,1.9238622096518587,0.9141218125591353,12.420506723022354,0.0009765625,10,-0.07590197539776677
ext_gain,2.0,False,cold_trn_to_vp3pn,True,drive/baseline ratio,1.8301130850222513,0.9522230701249533,12.27341508604985,0.0009765625,10,-0.03340855868094228
ext_gain,2.0,False,optomotor_turning,True,drive/baseline ratio,2.6791491094045274,0.9057861733210031,2.8122352134457924,0.0009765625,10,-0.037087220055485925
ext_gain,2.0,False,or67d_to_da1pn,True,drive/baseline ratio,2.3091072473949543,0.7647781343103086,14.056459365744555,0.0009765625,10,-0.2664428649258346
ext_gain,2.0,False,da1pn_to_lh_asp,True,drive/baseline ratio,2.1282872937004456,0.9614303020148677,11.004171106597605,0.0009765625,10,-0.09077667024999148
ext_gain,3.0,False,looming_escape,True,drive/baseline ratio,11.809631805309467,0.7582310035458462,6.9982572280029585,0.0009765625,10,0.0
ext_gain,3.0,False,sugar_feeding,True,drive/baseline ratio,2.0892869773904255,1.112159909056461,4.526001294993464,0.0009765625,10,-0.0176351522041176
ext_gain,3.0,False,antenna_grooming_circuit,True,drive/baseline ratio,4.841199494949495,0.8138212481962481,2.577934691420147,0.0009765625,10,-0.02977633477633468
ext_gain,3.0,False,courtship_song,True,drive/baseline ratio,1.9280385922127405,0.996889341566586,2.7031187507878855,0.0009765625,10,0.0
ext_gain,3.0,False,bitter_grn_to_dng28,False,drive/baseline ratio,1.5234112610990116,1.3157999465544115,0.8347263872555101,0.013671875,10,-0.054106477371917094
ext_gain,3.0,False,co2_orn_to_pn,True,drive/baseline ratio,2.0599641616814877,0.9183912632388338,24.54228686546119,0.0009765625,10,-0.15325980691666308
ext_gain,3.0,False,hot_trn_to_vp2pn,True,drive/baseline ratio,1.9169382149379586,0.9187591159912566,14.225449944254459,0.0009765625,10,-0.08282597011166692
ext_gain,3.0,False,cold_trn_to_vp3pn,True,drive/baseline ratio,1.8508276802550399,0.9533870750521374,20.078394420287136,0.0009765625,10,-0.012693963448153767
ext_gain,3.0,False,optomotor_turning,True,drive/baseline ratio,2.693621118303781,0.8045732312063582,3.1911175140689094,0.0009765625,10,-0.02261521115623255
ext_gain,3.0,False,or67d_to_da1pn,True,drive/baseline ratio,2.4659588068842244,0.8412612559366185,19.078098643700883,0.0009765625,10,-0.10959130543656448
ext_gain,3.0,False,da1pn_to_lh_asp,True,drive/baseline ratio,2.218587594297893,0.9688607104387168,6.870817684299706,0.0009765625,10,-0.00047636965254405084
ext_gain,5.0,False,looming_escape,True,drive/baseline ratio,11.809631805309467,0.7776884836802378,6.672691297239059,0.0009765625,10,0.0
ext_gain,5.0,False,sugar_feeding,True,drive/baseline ratio,2.1579689276240996,1.1782123910572186,4.241467535193223,0.0009765625,10,0.051046798029556584
ext_gain,5.0,False,antenna_grooming_circuit,True,drive/baseline ratio,4.834954004329004,0.7717541486291487,3.1157534656014114,0.0009765625,10,-0.0360218253968263
ext_gain,5.0,False,courtship_song,True,drive/baseline ratio,1.9280385922127405,0.9374075601900678,2.937955072864345,0.0009765625,10,0.0
ext_gain,5.0,False,bitter_grn_to_dng28,True,drive/baseline ratio,1.587737021539011,1.308525233930133,2.3016651360539866,0.0009765625,10,0.010219283068082285
ext_gain,5.0,False,co2_orn_to_pn,True,drive/baseline ratio,2.2719269100417376,0.9290103063759643,11.521319935254375,0.0009765625,10,0.0587029414435869
ext_gain,5.0,False,hot_trn_to_vp2pn,True,drive/baseline ratio,2.0105042271378437,0.9223070577702999,9.702115549236245,0.0009765625,10,0.010740042088218216
ext_gain,5.0,False,cold_trn_to_vp3pn,True,drive/baseline ratio,1.8694524854259065,0.9666738455094862,20.677083701875265,0.0009765625,10,0.005930841722712854
ext_gain,5.0,False,optomotor_turning,True,drive/baseline ratio,2.720603061798882,0.8687533171163203,2.970760004228396,0.0009765625,10,0.004366732338868751
ext_gain,5.0,False,or67d_to_da1pn,True,drive/baseline ratio,2.592999085113505,0.799962027177385,22.799330378625676,0.0009765625,10,0.017448972792716066
ext_gain,5.0,False,da1pn_to_lh_asp,True,drive/baseline ratio,2.219063963950437,0.9608730229276643,6.7084213642238195,0.0009765625,10,0.0
ext_gain,6.0,False,looming_escape,True,drive/baseline ratio,11.809631805309467,0.7531637287416897,6.740418058872472,0.0009765625,10,0.0
ext_gain,6.0,False,sugar_feeding,True,drive/baseline ratio,2.1579689276240996,1.1776995705443982,4.116291642064336,0.0009765625,10,0.051046798029556584
ext_gain,6.0,False,antenna_grooming_circuit,True,drive/baseline ratio,4.936801046176045,0.8746951659451658,2.1961618744044062,0.0009765625,10,0.06582521645021533
ext_gain,6.0,False,courtship_song,True,drive/baseline ratio,1.9280385922127405,0.9374075601900678,2.937955072864345,0.0009765625,10,0.0
ext_gain,6.0,False,bitter_grn_to_dng28,True,drive/baseline ratio,1.5837205762512183,1.308525233930133,1.8329310273658053,0.0009765625,10,0.006202837780289627
ext_gain,6.0,False,co2_orn_to_pn,True,drive/baseline ratio,2.2583973185349757,0.9174369049286092,15.821519580755684,0.0009765625,10,0.04517334993682498
ext_gain,6.0,False,hot_trn_to_vp2pn,True,drive/baseline ratio,2.0143011331775886,0.9279824659224856,10.030796491030506,0.0009765625,10,0.014536948127963134
ext_gain,6.0,False,cold_trn_to_vp3pn,True,drive/baseline ratio,1.8706316731781218,0.9460149020915132,23.406534552752596,0.0009765625,10,0.007110029474928226
ext_gain,6.0,False,optomotor_turning,True,drive/baseline ratio,2.695603061798882,0.823355983541742,3.454724049415344,0.0009765625,10,-0.02063326766113116
ext_gain,6.0,False,or67d_to_da1pn,True,drive/baseline ratio,2.5963254908205506,0.797142295598462,21.828324183357207,0.0009765625,10,0.020775378499761743
ext_gain,6.0,False,da1pn_to_lh_asp,True,drive/baseline ratio,2.219063963950437,0.9608730229276643,6.7084213642238195,0.0009765625,10,0.0
gain_adapt,0.0,False,looming_escape,True,drive/baseline ratio,5.8453418019494405,0.8784902587760952,11.774687712121194,0.0009765625,10,-5.964290003360026
gain_adapt,0.0,False,sugar_feeding,True,drive/baseline ratio,2.3789050494502617,1.1974059362827525,4.102389489257369,0.0009765625,10,0.27198291985571865
gain_adapt,0.0,False,antenna_grooming_circuit,True,drive/baseline ratio,7.197377264260855,0.7786022321660471,3.2786216295393085,0.0009765625,10,2.3264014345350255
gain_adapt,0.0,False,courtship_song,True,drive/baseline ratio,2.067013778336359,1.0427092322253613,6.610705776381769,0.0009765625,10,0.1389751861236186
gain_adapt,0.0,False,bitter_grn_to_dng28,True,drive/baseline ratio,1.522067319532551,1.1022690140262674,2.7073958655992065,0.0009765625,10,-0.055450418938377766
gain_adapt,0.0,False,co2_orn_to_pn,True,drive/baseline ratio,1.7653263362505947,0.9819572884985652,9.542963760408638,0.0009765625,10,-0.4478976323475561
gain_adapt,0.0,False,hot_trn_to_vp2pn,False,drive/baseline ratio,1.4549568408933145,0.995276147627919,12.475718117125275,0.0009765625,10,-0.544807344156311
gain_adapt,0.0,False,cold_trn_to_vp3pn,False,drive/baseline ratio,1.3697493533818548,0.9832820574007659,16.807542514148135,0.0009765625,10,-0.49377229032133885
gain_adapt,0.0,False,optomotor_turning,True,drive/baseline ratio,2.0457773306639497,1.0641080168790062,3.5430821789652227,0.0009765625,10,-0.6704589987960636
gain_adapt,0.0,False,or67d_to_da1pn,True,drive/baseline ratio,1.7375265796947414,0.9354341985556273,19.613128012053203,0.0009765625,10,-0.8380235326260475
gain_adapt,0.0,False,da1pn_to_lh_asp,True,drive/baseline ratio,1.6229089996308708,1.0228452692341958,8.525853453146842,0.0009765625,10,-0.5961549643195663
gain_adapt,0.001,False,looming_escape,True,drive/baseline ratio,8.279140847117601,0.7397347189934951,11.484792889772017,0.0009765625,10,-3.5304909581918658
gain_adapt,0.001,False,sugar_feeding,True,drive/baseline ratio,2.0485774193801825,1.184800434953295,3.9138236262523507,0.0009765625,10,-0.05834471021436061
gain_adapt,0.001,False,antenna_grooming_circuit,True,drive/baseline ratio,4.976249010415427,0.9615229786361894,3.6113301556724973,0.0009765625,10,0.10527318068959701
gain_adapt,0.001,False,courtship_song,True,drive/baseline ratio,1.6870592378635856,0.8855060977669673,3.4406134358938445,0.0009765625,10,-0.24097935434915496
gain_adapt,0.001,False,bitter_grn_to_dng28,True,drive/baseline ratio,1.518513749573584,1.2531598092160559,1.610444857479804,0.001953125,10,-0.059003988897344595
gain_adapt,0.001,False,co2_orn_to_pn,True,drive/baseline ratio,2.0619520309583734,0.9159527255113555,8.893069861535427,0.0009765625,10,-0.1512719376397773
gain_adapt,0.001,False,hot_trn_to_vp2pn,True,drive/baseline ratio,1.7840120432119488,0.9068178982555632,12.057955758759258,0.0009765625,10,-0.21575214183767666
gain_adapt,0.001,False,cold_trn_to_vp3pn,True,drive/baseline ratio,1.6769385065563884,0.9329072010092962,14.991152301194424,0.0009765625,10,-0.1865831371468052
gain_adapt,0.001,False,optomotor_turning,True,drive/baseline ratio,2.136090065850902,0.8017019018133569,6.889032831735037,0.0009765625,10,-0.5801462636091115
gain_adapt,0.001,False,or67d_to_da1pn,True,drive/baseline ratio,2.299532417908848,0.80122659385501,15.589615021155565,0.0009765625,10,-0.2760176944119408
gain_adapt,0.001,False,da1pn_to_lh_asp,True,drive/baseline ratio,2.0212017800149806,0.9420401034724548,7.65598341066588,0.0009765625,10,-0.1978621839354564
gain_adapt,0.004,False,looming_escape,True,drive/baseline ratio,13.605526395173452,0.8263630683042449,3.7471532020176195,0.0009765625,10,1.7958945898639858
gain_adapt,0.004,False,sugar_feeding,True,drive/baseline ratio,1.9326704934143386,1.1286473562557153,4.225971157364861,0.0009765625,10,-0.17425163618020445
gain_adapt,0.004,False,antenna_grooming_circuit,True,drive/baseline ratio,4.861144359809674,0.9118877262771786,3.0684002533969252,0.0009765625,10,-0.00983146991615591
gain_adapt,0.004,False,courtship_song,True,drive/baseline ratio,2.1739664205763276,1.12309141065333,3.036199530153815,0.0009765625,10,0.24592782836358706
gain_adapt,0.004,False,bitter_grn_to_dng28,True,drive/baseline ratio,1.526536448093413,1.251976035625442,1.774595003348176,0.0009765625,10,-0.05098129037751575
gain_adapt,0.004,False,co2_orn_to_pn,True,drive/baseline ratio,2.4076825637316714,0.9712187624320234,16.754869975219922,0.0009765625,10,0.1944585951335207
gain_adapt,0.004,False,hot_trn_to_vp2pn,True,drive/baseline ratio,2.2043687075058775,0.9924708087977943,10.431986097657685,0.0009765625,10,0.20460452245625205
gain_adapt,0.004,False,cold_trn_to_vp3pn,True,drive/baseline ratio,1.97289302789736,0.973703822008182,16.028964343183347,0.0009765625,10,0.10937138419416637
gain_adapt,0.004,False,optomotor_turning,True,drive/baseline ratio,2.430036706069988,0.5721348659080857,4.542318731645158,0.0009765625,10,-0.28619962339002525
gain_adapt,0.004,False,or67d_to_da1pn,True,drive/baseline ratio,2.727113310767295,0.8192509395678693,8.996521405026163,0.0009765625,10,0.15156319844650623
gain_adapt,0.004,False,da1pn_to_lh_asp,True,drive/baseline ratio,2.393838581022305,0.9789394934966325,9.263393970345293,0.0009765625,10,0.17477461707186803
gain_adapt,0.008,False,looming_escape,True,drive/baseline ratio,13.738434065934067,0.7970310391363024,6.549864703902665,0.0009765625,10,1.9288022606246003
gain_adapt,0.008,False,sugar_feeding,True,drive/baseline ratio,1.889293068043068,1.0385327172827172,6.045579617071938,0.0009765625,10,-0.2176290615514751
gain_adapt,0.008,False,antenna_grooming_circuit,True,drive/baseline ratio,4.695757132746198,0.7739234783263379,2.875015257210443,0.0009765625,10,-0.17521869697963144
gain_adapt,0.008,False,courtship_song,True,drive/baseline ratio,2.1804594820384295,1.1883028083028084,2.648455215675588,0.0009765625,10,0.252420889825689
gain_adapt,0.008,False,bitter_grn_to_dng28,True,drive/baseline ratio,1.535444948821341,1.3557304523616664,1.185956681028792,0.0048828125,10,-0.042072789649587605
gain_adapt,0.008,False,co2_orn_to_pn,True,drive/baseline ratio,2.372392181464624,0.9567999552840698,11.661621339217659,0.0009765625,10,0.1591682128664731
gain_adapt,0.008,False,hot_trn_to_vp2pn,True,drive/baseline ratio,2.1894148606461803,1.0046218873354658,8.59001865575267,0.0009765625,10,0.1896506755965548
gain_adapt,0.008,False,cold_trn_to_vp3pn,True,drive/baseline ratio,1.9977826139307417,1.001816907623369,19.18462588204468,0.0009765625,10,0.13426097022754813
gain_adapt,0.008,False,optomotor_turning,True,drive/baseline ratio,2.6756756478815307,0.6086113396407515,3.5553982276188667,0.0009765625,10,-0.040560681578482694
gain_adapt,0.008,False,or67d_to_da1pn,True,drive/baseline ratio,2.8102928748821183,0.7994340556585902,24.282205263398538,0.0009765625,10,0.23474276256132942
gain_adapt,0.008,False,da1pn_to_lh_asp,True,drive/baseline ratio,2.41260065117167,1.018604341361605,6.204290318267671,0.0009765625,10,0.19353668722123318
min_synapses,4.0,False,looming_escape,True,drive/baseline ratio,10.608687360865023,0.7431373826073977,7.8869622943832525,0.0009765625,10,-1.2009444444444437
min_synapses,4.0,False,sugar_feeding,True,drive/baseline ratio,2.0003038571788574,1.0441855666855666,7.082626085312529,0.0009765625,10,-0.10661827241568567
min_synapses,4.0,False,antenna_grooming_circuit,True,drive/baseline ratio,5.217178638003854,0.7981528041957989,4.582244735976832,0.0009765625,10,0.34620280827802397
min_synapses,4.0,False,courtship_song,True,drive/baseline ratio,2.0052601227486813,0.9747147320431073,3.9054350989449116,0.0009765625,10,0.07722153053594072
min_synapses,4.0,False,bitter_grn_to_dng28,True,drive/baseline ratio,1.7177525251633257,1.2318030673744271,2.285928786036151,0.0009765625,10,0.14023478669239697
min_synapses,4.0,False,co2_orn_to_pn,True,drive/baseline ratio,2.2538337745598036,0.9360792425172649,15.163930899172332,0.0009765625,10,0.04060980596165287
min_synapses,4.0,False,hot_trn_to_vp2pn,True,drive/baseline ratio,2.123064512549817,0.9707898595624457,9.31767603302762,0.0009765625,10,0.1233003275001916
min_synapses,4.0,False,cold_trn_to_vp3pn,True,drive/baseline ratio,1.8225605903801056,0.9648141034719556,14.606703883154058,0.0009765625,10,-0.04096105332308797
min_synapses,4.0,False,optomotor_turning,True,drive/baseline ratio,2.230146504682108,0.7712114150039846,3.3791021930897576,0.0009765625,10,-0.4860898247779053
min_synapses,4.0,False,or67d_to_da1pn,True,drive/baseline ratio,4.3085205691181745,0.7480868895816735,25.948655830185196,0.0009765625,10,1.7329704567973856
min_synapses,4.0,False,da1pn_to_lh_asp,True,drive/baseline ratio,3.4217409564910595,0.9644200052037236,12.045575070416424,0.0009765625,10,1.2026769925406224
min_synapses,5.0,False,looming_escape,True,drive/baseline ratio,12.437970773188164,0.7913891232083452,7.871505906067262,0.0009765625,10,0.6283389678786975
min_synapses,5.0,False,sugar_feeding,True,drive/baseline ratio,2.196555509007122,1.2395166876134618,4.115879215613341,0.0009765625,10,0.08963337941257876
min_synapses,5.0,False,antenna_grooming_circuit,True,drive/baseline ratio,4.45141321199948,0.7920928282749682,4.726461196812256,0.0009765625,10,-0.41956261772635006
min_synapses,5.0,False,courtship_song,True,drive/baseline ratio,2.1241408609420778,1.0312722560288483,2.8775015777523625,0.0009765625,10,0.19610226872933723
min_synapses,5.0,False,bitter_grn_to_dng28,True,drive/baseline ratio,3.557143580104106,2.1784535201640463,1.392837453832991,0.0009765625,10,1.9796258416331773
min_synapses,5.0,False,co2_orn_to_pn,True,drive/baseline ratio,2.260203046247984,0.9828432308429675,12.814787041857786,0.0009765625,10,0.04697907764983311
min_synapses,5.0,False,hot_trn_to_vp2pn,True,drive/baseline ratio,2.1218872271649913,1.013497328600967,10.953162449126157,0.0009765625,10,0.12212304211536584
min_synapses,5.0,False,cold_trn_to_vp3pn,True,drive/baseline ratio,1.8444820053797777,0.9850019307807303,11.311727155648457,0.0009765625,10,-0.01903963832341593
min_synapses,5.0,False,optomotor_turning,True,drive/baseline ratio,2.1515404040404045,0.7116792929292929,2.841833752893333,0.0009765625,10,-0.5646959254196089
min_synapses,5.0,False,or67d_to_da1pn,True,drive/baseline ratio,5.081208196972481,0.7986780140952157,21.883426899388382,0.0009765625,10,2.5056580846516923
min_synapses,5.0,False,da1pn_to_lh_asp,True,drive/baseline ratio,3.9619765027646645,1.0096070982059189,15.113115701401407,0.0009765625,10,1.7429125388142275
min_synapses,6.0,False,looming_escape,True,drive/baseline ratio,14.383492578748335,0.7691196417251405,4.649924478146058,0.0009765625,10,2.5738607734388683
min_synapses,6.0,False,sugar_feeding,True,drive/baseline ratio,2.1589974910535257,1.2411358547867168,6.266188688409813,0.0009765625,10,0.052075361458982616
min_synapses,6.0,False,antenna_grooming_circuit,True,drive/baseline ratio,3.785546904956404,0.9050700508935046,5.323162045047124,0.0009765625,10,-1.0854289247694258
min_synapses,6.0,False,courtship_song,True,drive/baseline ratio,2.2293846153846153,1.071494658119658,4.997842438124437,0.0009765625,10,0.30134602317187476
min_synapses,6.0,False,bitter_grn_to_dng28,True,drive/baseline ratio,3.350643010240533,2.304150591410653,1.8895455051306276,0.0009765625,10,1.7731252717696044
min_synapses,6.0,False,co2_orn_to_pn,True,drive/baseline ratio,2.1846492689931987,0.9719771452510884,11.01936001135075,0.0009765625,10,-0.02857469960495207
min_synapses,6.0,False,hot_trn_to_vp2pn,True,drive/baseline ratio,2.0912804295595393,0.9504715741904961,11.566103358939516,0.0009765625,10,0.0915162445099138
min_synapses,6.0,False,cold_trn_to_vp3pn,True,drive/baseline ratio,1.8040600295719222,0.9539009863498011,10.53810030077702,0.0009765625,10,-0.05946161413127138
min_synapses,6.0,False,optomotor_turning,True,drive/baseline ratio,2.3111060834590247,0.792398549163255,3.6199154828767695,0.0009765625,10,-0.4051302460009887
min_synapses,6.0,False,or67d_to_da1pn,True,drive/baseline ratio,6.561253192782554,0.7295159611195798,15.777303034722562,0.0009765625,10,3.9857030804617652
min_synapses,6.0,False,da1pn_to_lh_asp,True,drive/baseline ratio,4.507423819219261,0.9616127059323064,25.46177456127929,0.0009765625,10,2.2883598552688236
min_synapses,8.0,False,looming_escape,True,drive/baseline ratio,17.082355072463763,0.8924030184156042,3.748934930937607,0.0009765625,10,5.272723267154296
min_synapses,8.0,False,sugar_feeding,True,drive/baseline ratio,2.585933760530535,1.6735453509647058,2.7874880554652357,0.0009765625,10,0.47901163093599175
min_synapses,8.0,False,antenna_grooming_circuit,True,drive/baseline ratio,3.470488942332049,0.8915168996878811,3.942662495205194,0.0009765625,10,-1.400486887393781
min_synapses,8.0,False,courtship_song,True,drive/baseline ratio,2.164944213909731,1.1401352590229121,4.155378831373907,0.0009765625,10,0.23690562169699048
min_synapses,8.0,False,bitter_grn_to_dng28,False,drive/baseline ratio,2.707875441464151,2.614481353473289,0.28959722752861405,0.19140625,10,1.1303577029932224
min_synapses,8.0,False,co2_orn_to_pn,True,drive/baseline ratio,2.2606795663002,0.9526448180510425,14.652561205126746,0.0009765625,10,0.047455597702049435
min_synapses,8.0,False,hot_trn_to_vp2pn,True,drive/baseline ratio,2.2012569551526484,0.9756206057035384,19.503791929113987,0.0009765625,10,0.2014927701030229
min_synapses,8.0,False,cold_trn_to_vp3pn,True,drive/baseline ratio,1.8233111304685103,0.9799275610132595,9.456437427835668,0.0009765625,10,-0.040210513234683276
min_synapses,8.0,False,optomotor_turning,True,drive/baseline ratio,1.894071548821549,0.7281761479261479,3.2059439661560596,0.0009765625,10,-0.8221647806384644
min_synapses,8.0,False,or67d_to_da1pn,True,drive/baseline ratio,12.627238051900793,0.7431639419291743,11.691397196551105,0.0009765625,10,10.051687939580004
min_synapses,8.0,False,da1pn_to_lh_asp,True,drive/baseline ratio,6.883980250273308,1.0651610532277611,17.558215324966966,0.0009765625,10,4.664916286322871
min_synapses,10.0,False,looming_escape,True,drive/baseline ratio,20.327205882352942,0.9742086834733893,3.1627261729353275,0.0009765625,10,8.517574077043475
min_synapses,10.0,False,sugar_feeding,True,drive/baseline ratio,2.5315232201548374,1.70228150577421,4.679096765541154,0.0009765625,10,0.4246010905602944
min_synapses,10.0,False,antenna_grooming_circuit,True,drive/baseline ratio,3.260089339073489,1.0249686590396974,5.1010006814690305,0.0009765625,10,-1.6108864906523408
min_synapses,10.0,False,courtship_song,True,drive/baseline ratio,1.9640180642860112,1.1255980580361933,4.59549547167383,0.0009765625,10,0.03597947207327068
min_synapses,10.0,False,bitter_grn_to_dng28,False,drive/baseline ratio,2.8264792155893383,2.6008460900118298,0.5983412003584984,0.048828125,10,1.2489614771184097
min_synapses,10.0,False,co2_orn_to_pn,True,drive/baseline ratio,2.302261296709876,1.027923764694345,13.366570229018825,0.0009765625,10,0.08903732811172516
min_synapses,10.0,False,hot_trn_to_vp2pn,True,drive/baseline ratio,2.2191105893703833,1.059851472588405,9.711833789765977,0.0009765625,10,0.2193464043207578
min_synapses,10.0,False,cold_trn_to_vp3pn,True,drive/baseline ratio,1.765345988267405,1.0035354510897618,10.428778880643273,0.0009765625,10,-0.09817565543578866
min_synapses,10.0,False,optomotor_turning,True,drive/baseline ratio,1.6309674772214815,0.7618878771876484,4.313658742516583,0.0009765625,10,-1.0852688522385319
min_synapses,10.0,False,or67d_to_da1pn,True,drive/baseline ratio,24.942465256829284,0.8395702686670443,15.020569691349786,0.0009765625,10,22.366915144508496
min_synapses,10.0,False,da1pn_to_lh_asp,True,drive/baseline ratio,9.249095853719849,1.0735880420523496,22.886434491602312,0.0009765625,10,7.030031889769412
