parameter_value,mb_conditioning
baseline (defaults),PASS 1.000 (dz 7.07)
Membrane noise = 0.025,PASS 0.990 (dz 6.12)
Membrane noise = 0.0375,PASS 1.000 (dz 7.26)
Membrane noise = 0.075,PASS 0.530 (dz 6.20)
Membrane noise = 0.1,FAIL -0.035 (dz 0.47)
Tonic drive = 0.15,PASS 0.655 (dz 2.14)
Tonic drive = 0.175,PASS 1.000 (dz 9.45)
Tonic drive = 0.225,FAIL 0.285 (dz 2.17)
Tonic drive = 0.25,FAIL 0.195 (dz 2.13)
Target rate (Hz) = 2.5,PASS 0.975 (dz 7.38)
Target rate (Hz) = 3.5,PASS 1.000 (dz 7.95)
Target rate (Hz) = 7.5,PASS 1.000 (dz 7.83)
Target rate (Hz) = 10,FAIL -0.040 (dz 0.60)
Sensory input gain = 2,PASS 1.000 (dz 7.07)
Sensory input gain = 3,PASS 1.000 (dz 8.03)
Sensory input gain = 5,PASS 1.000 (dz 7.31)
Sensory input gain = 6,PASS 1.000 (dz 8.49)
Gain adaptation rate = 0,PASS 0.990 (dz 8.27)
Gain adaptation rate = 0.001,PASS 1.000 (dz 8.03)
Gain adaptation rate = 0.004,PASS 1.000 (dz 6.54)
Gain adaptation rate = 0.008,PASS 1.000 (dz 8.13)
Synapse threshold = 4,PASS 1.000 (dz 6.81)
Synapse threshold = 5,PASS 1.000 (dz 7.32)
Synapse threshold = 6,PASS 1.000 (dz 6.72)
Synapse threshold = 8,PASS 1.000 (dz 6.09)
Synapse threshold = 10,PASS 1.000 (dz 7.22)
