region,neurons,share_of_neurons,mean_in_degree,mean_out_degree,out_synapses,in_synapses,share_out_staying_inside,share_in_from_inside,inhibitory_share_of_out_synapses
Optic Lobe,105267,0.6314757048590282,49.54764551093885,51.62956102102273,43651120.0,40917019.0,0.9114734054933756,0.9723786329595516,0.36866036885193326
unassigned,25728,0.1543371325734853,88.32202269900498,82.11648787313433,24789052.0,26984235.0,0.6894333030565267,0.6333475082765919,0.41461520997253143
VNC (Other),6452,0.03870425914817036,14.241630502169869,46.34516429014259,2789364.0,727511.0,0.10888001709350231,0.41745898000167697,0.01725016885569614
VNC (T2),5074,0.030437912417516498,106.65806070161608,84.96413086322428,5762346.0,6878194.0,0.6193362911564144,0.5188614918392822,0.5021005333591562
VNC (T1),4286,0.025710857828434314,80.11339244050397,77.92487167522165,4256176.0,4028432.0,0.47339207777122,0.5001548989780639,0.46421623541883605
Mushroom Body,4161,0.02496100779844031,48.97909156452776,52.802451333813984,1616140.0,1749763.0,0.5942783422228273,0.5488954789877257,0.07587647109780093
VNC (T3),3973,0.023833233353329333,99.32494336773219,82.39919456330229,4444970.0,5158350.0,0.5838529843845965,0.5031083582928649,0.5250105175063049
Central Complex,2950,0.01769646070785843,77.18372881355933,70.04677966101696,2468539.0,2702841.0,0.944162518801607,0.8623156153099646,0.5741549961333404
Central Brain,2922,0.01752849430113977,98.8107460643395,86.0848733744011,2958903.0,3214262.0,0.14090864080370327,0.1297140681126803,0.23087373935543004
VNC (Abdomen),2498,0.01498500299940012,120.37950360288231,101.69615692554044,3823526.0,4251664.0,0.4972187975183116,0.4471493984472903,0.4693304034025138
Gnathal (GNG),2245,0.013467306538692261,94.65256124721604,94.41425389755011,2909632.0,2907687.0,0.222698952994743,0.22284792001339895,0.5597051448430592
Antennal Lobe,1144,0.006862627474505099,156.9256993006993,165.3208041958042,2886513.0,2836323.0,0.5337069328979291,0.5431511150175773,0.22811295150931243
