motif,description,count_estimate,sampling_se,null_mean,null_sd,enrichment,z,note
021D,out-star: one neuron sends to two others,558971129.29494,2122400.840195079,957843688.8510122,2576441.587765761,0.583572388481734,-119.49237054492653,
021U,in-star: two neurons send to one,702164258.8187801,2307246.3148269746,1124589951.0401444,1848472.5245553665,0.6243735844957011,-142.88569084845025,
021C,chain: A -> B -> C,900582787.38154,2496403.822298428,1678810939.1631234,2397827.042402969,0.536440862024925,-224.82748874052763,
111a,"mutual pair, one of them also sends to a third",229553509.19232,1449816.8384648254,23911481.467993334,982483.7438983016,9.600137469507624,117.41883669562395,
111b,"mutual pair, a third sends to one of them",252741033.00726,1514845.485433083,24920223.154624444,959471.9560348195,10.14200520754,127.05147701316169,
030T,feed-forward loop,41711745.878479995,363530.45365599357,5174165.246904815,276984.89112377126,8.061541115918546,79.94596219386912,
030C,3-cycle,2996419.42324,99399.09989026644,1169044.1027014814,60367.26419721861,2.5631363404646024,15.713356006511157,
201,two mutual pairs sharing a neuron,109915014.47236001,1024841.5950885603,629922.4707055555,32139.278919899672,174.4897500628098,106.58368387482253,
120D,a neuron sends to both of a mutual pair,6991645.320893332,151527.70314073918,65262.19987074073,8859.738244684759,107.1316218996768,45.63240730764344,
120U,both of a mutual pair send to a third,9935147.844826667,180359.80895944248,86544.0183625926,23445.2179160845,114.79878139239477,54.14972517163898,
120C,a chain closed by a mutual pair,5744790.88098,137440.30253860203,129105.82408444444,16115.488221772677,44.496760093661585,40.581071082237834,
210,two mutual pairs and a one-way link,5294997.236873334,131980.22062387917,9931.11443037037,6501.1334172143515,533.172512913625,39.9958867209952,
300,all three pairs mutual,1541204.6923066664,71339.57599197431,0.0,0.0,,,"undefined: none of the 3 null graphs had this motif in 300,000 sampled wedges each (the real graph has about 1,541,205); real / 0 has no value"
