rank,size,top_region,top_region_share,top_superclass,top_superclass_share
1,51251,Optic Lobe,0.9908879826735089,ol_intrinsic,0.869407426196562
2,47543,Optic Lobe,0.9917758660580948,ol_intrinsic,0.8710220221694045
3,16253,unassigned,0.612932996985172,cb_intrinsic,0.820463914354273
4,15773,VNC (Other),0.2851074621188106,vnc_intrinsic,0.5661573575096684
5,11558,unassigned,0.6913825921439696,cb_intrinsic,0.7861221664647863
6,7900,unassigned,0.3613924050632911,cb_intrinsic,0.3968354430379747
7,5213,Optic Lobe,0.9616343755994629,ol_intrinsic,0.6447343180510263
8,3331,unassigned,0.6040228159711798,cb_intrinsic,0.5989192434704294
9,3007,Central Complex,0.9541070834718989,cb_intrinsic,1.0
10,2038,VNC (Abdomen),0.6790971540726202,vnc_intrinsic,0.5682041216879293
11,1375,Optic Lobe,0.6443636363636364,visual_projection,0.6298181818181818
12,816,VNC (Other),0.9227941176470589,vnc_sensory,0.9203431372549019
