bracket,round,a,b,winner,coin_toss,decided_by,attempts,hp_a,hp_b,shots_a,shots_b,hits_a,hits_b
0,1,1000,1001,1001,0,health at the time limit,1,82.0,91.0,3,3,1,2
0,1,1002,1003,1002,0,health at the time limit,1,82.0,64.0,9,7,4,2
0,1,1004,1005,1004,0,health at the time limit,1,91.0,73.0,4,5,3,1
0,1,1006,1007,1006,0,health at the time limit,2,100.0,73.0,5,3,3,0
0,1,1008,1009,1008,0,health at the time limit,3,91.0,82.0,4,2,2,1
0,1,1010,1011,1011,0,health at the time limit,1,82.0,91.0,5,4,1,2
0,1,1012,1013,1012,0,health at the time limit,1,91.0,82.0,2,1,2,1
0,1,1014,1015,1014,0,health at the time limit,2,91.0,82.0,4,2,2,1
0,2,1001,1002,1002,0,health at the time limit,2,64.0,82.0,4,6,2,4
0,2,1004,1006,1004,0,health at the time limit,1,100.0,82.0,4,3,2,0
0,2,1008,1011,1008,0,health at the time limit,1,91.0,82.0,5,2,2,1
0,2,1012,1014,1012,0,health at the time limit,1,91.0,82.0,3,4,2,1
0,3,1002,1004,1002,1,draw,3,82.0,82.0,7,6,2,2
0,3,1008,1012,1008,0,health at the time limit,1,82.0,73.0,5,3,3,2
0,4,1002,1008,1002,0,health at the time limit,2,82.0,73.0,5,8,3,2
1,1,1016,1017,1017,0,health at the time limit,1,82.0,91.0,3,3,1,2
1,1,1018,1019,1019,1,draw,3,91.0,91.0,4,6,1,1
1,1,1020,1021,1021,0,health at the time limit,1,82.0,91.0,1,4,1,2
1,1,1022,1023,1023,0,health at the time limit,1,82.0,91.0,5,5,1,2
1,1,1024,1025,1024,1,draw,3,91.0,91.0,2,3,1,1
1,1,1026,1027,1027,0,health at the time limit,1,82.0,100.0,0,5,0,2
1,1,1028,1029,1029,0,health at the time limit,1,82.0,91.0,2,2,1,2
1,1,1030,1031,1030,0,health at the time limit,1,91.0,82.0,8,2,2,1
1,2,1017,1019,1019,0,health at the time limit,1,82.0,91.0,5,4,1,2
1,2,1021,1023,1021,1,draw,3,91.0,91.0,3,2,1,1
1,2,1024,1027,1024,0,health at the time limit,2,91.0,73.0,4,2,3,1
1,2,1029,1030,1030,0,health at the time limit,1,73.0,82.0,9,9,2,3
1,3,1019,1021,1021,0,health at the time limit,1,82.0,91.0,4,4,1,2
1,3,1024,1030,1030,0,health at the time limit,1,64.0,91.0,4,7,1,4
1,4,1021,1030,1030,0,health at the time limit,1,64.0,82.0,9,10,2,4
2,1,1032,1033,1032,0,health at the time limit,1,100.0,82.0,8,4,2,0
2,1,1034,1035,1035,0,health at the time limit,2,82.0,91.0,3,3,1,2
2,1,1036,1037,1036,0,health at the time limit,1,91.0,82.0,8,3,2,1
2,1,1038,1039,1039,0,health at the time limit,1,73.0,100.0,0,4,0,3
2,1,1040,1041,1040,0,health at the time limit,2,82.0,73.0,4,3,3,2
2,1,1042,1043,1043,0,health at the time limit,2,82.0,91.0,5,3,1,2
2,1,1044,1045,1044,0,health at the time limit,1,55.0,19.0,15,20,9,5
2,1,1046,1047,1047,0,health at the time limit,1,82.0,91.0,2,5,1,2
2,2,1032,1035,1032,0,health at the time limit,1,82.0,73.0,7,5,3,2
2,2,1036,1039,1039,0,health at the time limit,1,73.0,91.0,3,3,1,3
2,2,1040,1043,1040,0,health at the time limit,1,91.0,82.0,5,5,2,1
2,2,1044,1047,1044,0,health at the time limit,3,73.0,46.0,19,16,6,3
2,3,1032,1039,1039,0,health at the time limit,2,82.0,91.0,4,3,1,2
2,3,1040,1044,1040,0,health at the time limit,1,82.0,64.0,7,8,4,2
2,4,1039,1040,1040,0,health at the time limit,1,82.0,91.0,4,2,1,2
3,1,1048,1049,1049,0,health at the time limit,1,82.0,91.0,4,4,1,2
3,1,1050,1051,1050,0,health at the time limit,1,100.0,73.0,5,3,3,0
3,1,1052,1053,1053,0,health at the time limit,2,82.0,100.0,5,4,0,2
3,1,1054,1055,1054,0,health at the time limit,1,91.0,73.0,5,2,3,1
3,1,1056,1057,1056,0,health at the time limit,1,91.0,82.0,3,2,2,1
3,1,1058,1059,1059,0,health at the time limit,3,82.0,91.0,3,5,1,2
3,1,1060,1061,1061,0,health at the time limit,1,82.0,91.0,5,5,1,2
3,1,1062,1063,1062,0,health at the time limit,1,82.0,64.0,8,9,4,2
3,2,1049,1050,1049,0,health at the time limit,3,91.0,82.0,3,4,2,1
3,2,1053,1054,1053,0,health at the time limit,2,91.0,82.0,4,6,2,1
3,2,1056,1059,1056,0,health at the time limit,1,91.0,73.0,9,7,3,1
3,2,1061,1062,1062,0,health at the time limit,1,73.0,91.0,4,5,1,3
3,3,1049,1053,1053,0,health at the time limit,1,82.0,100.0,5,4,0,2
3,3,1056,1062,1056,0,health at the time limit,1,100.0,82.0,4,3,2,0
3,4,1053,1056,1056,0,health at the time limit,2,73.0,91.0,7,5,1,3
