condition,race,state_seed,individuality_seed,time_run1_s,time_run2_s,finished_run1,finished_run2
subtle,0,1000,1000,34.92,39.64,1,1
subtle,0,1000,1001,35.98,35.96,1,1
subtle,0,1000,1002,38.32,41.74,1,1
subtle,0,1000,1003,52.34,53.54,1,1
subtle,0,1000,1004,54.24,50.58,1,1
subtle,0,1000,1005,43.28,41.18,1,1
subtle,1,1001,1006,50.34,51.8,1,1
subtle,1,1001,1007,44.42,46.1,1,1
subtle,1,1001,1008,27.92,28.72,1,1
subtle,1,1001,1009,64.72,63.14,1,1
subtle,1,1001,1010,62.72,65.28,1,1
subtle,1,1001,1011,41.9,43.86,1,1
subtle,2,1002,1012,45.58,45.54,1,1
subtle,2,1002,1013,58.7,54.94,1,1
subtle,2,1002,1014,53.0,49.54,1,1
subtle,2,1002,1015,43.76,40.54,1,1
subtle,2,1002,1016,50.7,51.1,1,1
subtle,2,1002,1017,37.22,36.96,1,1
subtle,3,1003,1018,28.34,27.16,1,1
subtle,3,1003,1019,49.4,46.1,1,1
subtle,3,1003,1020,29.5,28.52,1,1
subtle,3,1003,1021,27.3,24.42,1,1
subtle,3,1003,1022,57.8,52.9,1,1
subtle,3,1003,1023,60.96,62.84,1,1
subtle,4,1004,1024,42.22,46.18,1,1
subtle,4,1004,1025,56.94,54.38,1,1
subtle,4,1004,1026,57.22,57.64,1,1
subtle,4,1004,1027,39.2,38.44,1,1
subtle,4,1004,1028,49.02,50.94,1,1
subtle,4,1004,1029,44.24,45.52,1,1
subtle,5,1005,1030,44.6,49.08,1,1
subtle,5,1005,1031,52.16,53.3,1,1
subtle,5,1005,1032,43.36,43.08,1,1
subtle,5,1005,1033,50.88,55.02,1,1
subtle,5,1005,1034,57.48,60.32,1,1
subtle,5,1005,1035,47.74,49.76,1,1
subtle,6,1006,1036,46.42,51.54,1,1
subtle,6,1006,1037,42.46,40.54,1,1
subtle,6,1006,1038,45.32,44.86,1,1
subtle,6,1006,1039,25.88,25.5,1,1
subtle,6,1006,1040,54.24,56.86,1,1
subtle,6,1006,1041,39.88,41.76,1,1
subtle,7,1007,1042,39.36,38.86,1,1
subtle,7,1007,1043,58.18,61.02,1,1
subtle,7,1007,1044,42.36,47.08,1,1
subtle,7,1007,1045,46.74,45.52,1,1
subtle,7,1007,1046,40.2,41.1,1,1
subtle,7,1007,1047,37.9,34.98,1,1
off,0,1000,1000,25.54,24.62,1,1
off,0,1000,1001,24.08,25.08,1,1
off,0,1000,1002,24.34,26.88,1,1
off,0,1000,1003,24.94,28.94,1,1
off,0,1000,1004,28.18,24.22,1,1
off,0,1000,1005,28.48,24.66,1,1
off,1,1001,1006,36.18,36.22,1,1
off,1,1001,1007,37.68,41.52,1,1
off,1,1001,1008,36.04,42.56,1,1
off,1,1001,1009,38.02,39.4,1,1
off,1,1001,1010,41.4,38.84,1,1
off,1,1001,1011,43.7,41.02,1,1
off,2,1002,1012,57.98,57.92,1,1
off,2,1002,1013,57.02,57.22,1,1
off,2,1002,1014,53.28,57.28,1,1
off,2,1002,1015,55.24,61.2,1,1
off,2,1002,1016,55.46,55.64,1,1
off,2,1002,1017,58.5,58.1,1,1
off,3,1003,1018,39.8,42.22,1,1
off,3,1003,1019,40.8,42.94,1,1
off,3,1003,1020,41.26,39.46,1,1
off,3,1003,1021,40.86,41.88,1,1
off,3,1003,1022,42.1,42.58,1,1
off,3,1003,1023,38.1,41.14,1,1
off,4,1004,1024,50.86,52.22,1,1
off,4,1004,1025,48.2,51.36,1,1
off,4,1004,1026,45.74,50.78,1,1
off,4,1004,1027,52.94,49.14,1,1
off,4,1004,1028,46.62,51.98,1,1
off,4,1004,1029,52.94,54.3,1,1
off,5,1005,1030,54.92,54.64,1,1
off,5,1005,1031,54.42,54.72,1,1
off,5,1005,1032,55.68,57.4,1,1
off,5,1005,1033,62.48,55.74,1,1
off,5,1005,1034,51.62,54.04,1,1
off,5,1005,1035,55.08,53.42,1,1
off,6,1006,1036,47.6,46.12,1,1
off,6,1006,1037,46.72,48.04,1,1
off,6,1006,1038,46.16,48.64,1,1
off,6,1006,1039,44.22,50.48,1,1
off,6,1006,1040,43.72,48.9,1,1
off,6,1006,1041,47.32,45.34,1,1
off,7,1007,1042,54.16,56.32,1,1
off,7,1007,1043,57.22,53.98,1,1
off,7,1007,1044,53.9,54.76,1,1
off,7,1007,1045,57.36,56.74,1,1
off,7,1007,1046,49.4,57.24,1,1
off,7,1007,1047,63.58,65.48,1,1
