seed,condition,sleep_settle_s,sleep_deprivation_s,sleep_recovery_s,pressure_end_of_deprivation,dfb_level_end_of_deprivation,first_sleep_after_deprivation_s,tag_pressure,tag_dfb
1000,control,0.0,13.32,19.82,0.351,2.089930599640333,0.6600000000000037,GAME RULE,CONNECTOME readout
1001,control,0.0,13.46,20.44,0.343,2.0893907357415276,0.0,GAME RULE,CONNECTOME readout
1002,control,0.0,13.48,19.62,0.342,2.149571113222231,0.0,GAME RULE,CONNECTOME readout
1003,control,0.0,13.28,20.58,0.352,2.1116636333299494,0.0,GAME RULE,CONNECTOME readout
1004,control,0.0,13.3,19.94,0.351,2.0996071646710814,0.0,GAME RULE,CONNECTOME readout
1005,control,0.0,13.36,19.48,0.348,2.0771647241357796,0.0,GAME RULE,CONNECTOME readout
1006,control,0.0,14.64,19.8,0.285,2.109643926860903,1.3599999999999994,GAME RULE,CONNECTOME readout
1007,control,0.0,13.02,19.68,0.365,2.1205374597632525,0.0,GAME RULE,CONNECTOME readout
1008,control,0.0,13.06,20.58,0.363,2.089936810584319,0.0,GAME RULE,CONNECTOME readout
1009,control,0.0,13.72,19.76,0.331,2.145402670670069,0.28000000000000114,GAME RULE,CONNECTOME readout
1000,deprived,0.0,0.0,33.16,0.999,4.411339978435322,0.0,GAME RULE,CONNECTOME readout
1001,deprived,0.0,0.0,33.3,0.999,4.500078649169753,0.0,GAME RULE,CONNECTOME readout
1002,deprived,0.0,0.0,33.44,0.999,4.528132144654859,0.0,GAME RULE,CONNECTOME readout
1003,deprived,0.0,0.0,33.06,0.999,4.503233250948122,0.0,GAME RULE,CONNECTOME readout
1004,deprived,0.0,0.0,33.18,0.999,4.474726580329956,0.0,GAME RULE,CONNECTOME readout
1005,deprived,0.0,0.0,32.62,0.999,4.265639697624642,0.0,GAME RULE,CONNECTOME readout
1006,deprived,0.0,0.0,34.18,0.999,4.976588583674218,0.0,GAME RULE,CONNECTOME readout
1007,deprived,0.0,0.0,32.68,0.999,4.296918370118079,0.0,GAME RULE,CONNECTOME readout
1008,deprived,0.0,0.0,33.5,0.999,4.439373804757755,0.0,GAME RULE,CONNECTOME readout
1009,deprived,0.0,0.0,33.34,0.999,4.6825134665118995,0.0,GAME RULE,CONNECTOME readout
